book_id,work_id
10000009,14894987
1000164,1252997
1000171,985662
1000172,985663
1000173,985664
1000174,985665
1000212,3342597
1000339,985830
1000591,1217396
1000751,1099715
1000752,986243
1000919,25246
10013649,14908938
1001505,661699
1001506,661700
1001508,986999
1001509,987000
1001520,987011
1001534,987025
1001545,987036
10016989,14912330
1001896,818039
1001964,987454
10019691,14915102
1002086,987576
10022297,14917750
1002236,987726
1002237,564297
1002339,987829
1002520,988013
1002694,988184
1002873,896660
100310,1157376
100317,96726
1003181,1045360
100330,3188880
1003642,989132
1003725,1760649
100394,96799
100395,96800
100396,96801
100397,96802
100405,725529
1004183,2544058
1004335,2919091
10043441,14939253
100448,1178644
1004513,2299540
100471,96871
10047243,14943153
100477,1859684
100479,96878
100480,190540
10048091,14944013
10049397,14945365
10050155,14946135
10050175,14946155
10052464,14948484
10052694,14948730
1005587,991713
1005680,2291919
1005760,991886
100615,97013
100616,97014
1006176,992302
10062358,14958621
1006442,992568
10065,551030
10066125,14962539
10066963,14963400
1006821,3084097
1007394,993520
1007647,993773
1007759,1970335
1007761,701349
1007870,2285721
1007954,994080
1007972,1231596
1008056,1277004
100806,1979890
10081010,1625130
10081966,2677305
1008299,994425
1008301,994427
1008587,994713
1008631,994757
1008905,3372216
1008980,995106
10092689,2768848
101001,3030647
1010202,996326
10103033,15000214
10104467,15001692
1010609,996733
10108833,15006142
1010942,1584300
1010984,997108
1011264,997388
10114429,15011958
10118,2042811
1011810,245326
1011825,1305470
10118463,15016055
10118464,15016056
10119,490474
1012082,2175272
1012167,47355752
1012180,998304
1012276,1358908
1012312,998436
1012313,998437
1012314,998438
1012315,998439
1012316,998440
1012318,1797707
1012319,1423704
1012325,998449
1012334,998458
1012343,998467
1012351,1948587
1012363,998487
1012367,998491
1012371,998495
1012564,998688
1012793,998917
1012824,998948
1012975,1568854
10130220,15028086
1013168,999292
10132221,15030119
10132570,1165972
10132968,1069597
1013382,1137246
1013383,999507
10135569,1209957
10135768,888312
10135940,15033907
10137919,44309
1014090,1000219
10146306,15044569
10146355,15044618
10146362,15044625
10147954,15046259
10148269,15046578
1014950,1001075
10149652,15047981
1014978,1001103
10149891,15048228
10150760,15049105
1015148,1001273
1015977,1002102
1016156,1002281
1016160,1002285
1016162,84539
1016425,2856883
1016645,1002769
10166857,2361348
101672,55506776
10167712,15066460
10168924,15067694
10169954,15068739
10170000,15068785
10170075,15068861
101701,41901727
101703,3349054
10174316,15073138
10176020,15074868
10176095,15074944
10178007,15076892
1017879,530820
1017881,1004005
10179672,1168377
10180839,15079804
10182327,15081327
1018241,1004381
1018246,1004370
10182711,1168344
1018277,1004401
1018278,1004402
10185434,15084476
1018609,1004733
1018729,1004853
10191505,15090624
10192378,15091509
10192902,15092050
10192951,15092099
10196176,15095373
10196305,15095505
10196347,15095548
10199173,15098397
1019986,1954480
10200182,186149
10200420,15099669
10200427,15099676
10201508,15100800
10201943,15101243
1020284,1006411
1020446,1932304
10204844,15104206
10205305,15104674
10206556,15105940
1020674,1779364
1020689,1006816
1020716,1304744
1020887,2985172
1021192,1007319
1021196,1007323
1021197,1007324
10212926,15112421
1021521,1007649
10215218,15114774
1021698,1968790
10218713,15118333
10220941,15120622
1022159,1008286
1022877,2683835
1022883,2385813
10236405,15136395
10237568,15137568
1024465,1010703
1024525,1010763
10246290,15146392
10246317,15146420
10246342,15146445
10246569,15146673
10246607,15146711
10246638,15146742
10246707,15146812
10246762,15146867
10246769,15146874
10246875,15146981
10246930,15147036
10246952,15147058
10247033,15147139
10247104,15147211
10247185,15147297
10247235,15147347
10247243,15147355
102490,98816
1024901,41926
10249031,2677305
102493,98819
102501,98827
10250808,15150969
10251668,15151835
1025223,24981
1025248,26517868
1025249,1011488
1025251,155030
1025319,1279203
10253286,15153480
1025560,742307
1025616,1011860
10256860,15157139
10257939,15158232
102606,98927
1026220,1745549
10264066,15164445
10264090,15164468
10264125,15164503
10264129,15164507
1026503,1012748
10269348,1384549
1026971,2988564
1026979,1013228
10269888,15170359
1027175,1013424
1027293,1754623
1027297,2258658
1027298,2723569
1027380,1013630
10276778,15177379
1027746,2056462
1027760,1092326
10278095,15178852
1027894,1014145
10284324,15185732
10284337,15185747
1028532,316498
1028594,1014847
1028659,1014912
10289104,15190920
1029036,1015291
1029142,1015397
1029144,1015399
10292017,15193868
10292225,15194076
10292643,15194494
1029405,1015660
10295388,15197270
10298153,15200080
10298173,15200100
10301573,15203552
10301902,15203885
1030208,1016465
1030395,1016652
10304534,15206554
1030609,1016866
1030635,1016892
10306788,15208897
10307360,13340420
10307396,15209512
10307397,15209513
10307426,15209542
1030796,1017053
10308994,15211149
10312415,15214642
10313354,15215610
1031461,1017724
10316057,15218364
10316626,15218949
10317571,15219909
1032414,1018693
1032415,1018694
1032418,1018697
1032479,1018771
10326007,15228457
1032674,2958741
10327441,15229905
1032747,11181
1032762,4132
1032763,3327855
10328186,15230669
1032823,1019103
10329969,15232469
1033005,295906
1033193,1019479
10332,1575652
1033206,371533
10332184,15234721
10332256,15234793
1033253,1019539
1033282,1441544
1033346,2453747
10334,1233903
1033527,1019843
10335984,15238590
10336,2118
10336162,15238770
1033662,1625130
1033674,87516
10337991,15240649
103386,465107
1033942,1020260
1033943,176963
10342,13058
10342339,12005561
1034343,1020666
1034384,1822119
1034387,2051512
1034388,3015067
10344532,15247296
10345229,12000755
10345795,15248582
1034605,1020930
10350293,15253151
10351610,15254500
1035285,1021616
10353049,15255958
10353508,15256419
10353741,15256653
10354196,1061285
1035723,3043272
10364379,15267454
10365,115
103665,99953
1036678,1023023
1036706,2767732
1036720,1023065
1036966,1023312
1036967,2680374
1037073,1023419
1037190,881853
10372,446566
10372485,15275855
10372539,15275909
10372600,15275970
10374117,1782584
10374757,15278164
1037636,1023985
1037891,1909060
103814,100098
10381403,15284946
103815,1685711
1038554,1024915
10387198,15290872
10387411,15291121
10388718,15292462
1038901,2933269
10390182,15293932
10391794,934016
1039446,1025816
1039447,1025817
1039565,1025935
10397282,10612078
10399632,15303555
10401194,15305132
10401282,15305220
1040219,2311378
104029,1239353
1040299,21992707
10403044,15307016
10403180,15327628
10406312,15310351
1040868,2111101
1041101,2363956
10411303,15315484
10414,13125
10415856,10714283
10417,2709499
10417865,15322123
1041972,2456743
10422447,15326741
10423032,15327336
10423421,15327735
1042367,1356128
10425811,14615333
10427002,15331386
1042770,1283085
10429074,15333487
104293,3035979
10429854,15334275
1043000,1029403
1043218,1029622
1043243,1029647
10433999,15338505
1043474,1029879
10437150,15341705
10437493,465107
10442428,15347096
10444,1505465
1044761,1031175
1044762,2302734
10453,1129150
10454770,15359642
10455110,15359998
10456,2682734
1045606,1032031
104569,100823
10457707,15362619
1045827,1032253
10459,41867
10460,13167
1046322,2985157
1046324,2985147
1046325,2669155
1046326,2995980
104655,100904
1046625,1033051
1046657,1033083
1046916,1033345
1046944,1033374
1047031,1033462
104711,1229585
10471552,13393596
1047498,1648666
10475205,15380521
104762,101011
104797,101038
104862,101089
1048816,1035259
1049070,1035516
1049117,1035563
10491212,15396803
1049191,1035638
104923,1639646
10493211,15398820
10503251,15409051
10507391,15413281
1050778,1037235
1050779,3018515
10508431,15414344
10508526,15414441
1051153,1922886
1051519,10375952
1051537,2765786
10516004,15422006
1052799,2686896
1052800,2686896
1052804,2686896
10530293,15436565
10531914,15438211
1053966,1040508
105436,101648
10544523,15450957
10545757,12664971
10546,776003
10547325,15453842
10547357,15453874
10548223,15454743
10549273,15455882
10550292,15456917
1055057,2548429
10551425,15458066
1055221,1041770
105548,519772
105549,2736871
105550,184795
105551,2736849
105552,2363835
105556,101748
105559,3040949
1055887,1042441
1055989,1042544
10562,49993380
105657,593955
1056642,1043201
1056664,1225592
1056771,1142982
1056971,1043530
1057263,2529400
1057274,1043836
10574666,15481699
10577324,15484404
10577341,15484422
10578304,8944721
10578841,15485940
10583281,15490503
10584797,15492048
10585139,15492391
10585755,15493064
1058582,1045155
10587177,15494514
10588165,4121
1059041,1045617
1059042,1045618
10590910,15498366
10590931,15498387
10591190,15498649
10591192,15498651
10591199,15498658
1059123,1045699
1059133,1042858
1059399,1045979
10594678,15502255
1059631,1168344
1059638,1168377
1059643,77898
10596815,15504444
10599047,15506719
10599117,15506789
10599546,15507221
105999,1174365
106023,102199
10603116,15510942
10603416,15511262
10603559,15511407
1060446,2142369
1060753,2066870
1060789,1287971
1060790,1047378
1060837,1047425
1060846,1047434
1061004,1882442
106131,433190
1061384,1047979
1061385,1047980
1061386,1047981
1061387,1047982
1061388,1047985
1061413,1048008
1061421,1785974
1061669,1048268
1061682,1048281
1061702,1048301
1061726,1048326
1061744,1050305
1061758,1048358
1061764,1048364
1062036,1048636
10620712,15529008
10622071,15530399
1062306,1048910
1062516,562143
106264,2674739
106265,17982157
10626634,15535096
10627218,15535698
106281,3007313
10629707,15538247
10630777,15539333
10632778,13072463
1063467,1050107
1063661,1050301
10637142,15545832
10637234,15545924
1063751,1050392
10637959,15546655
1063996,1050639
10639980,15548727
10640894,15549675
10641892,15550688
10645526,15554388
1064576,120988
1064621,1051264
10651721,1782584
1065302,1051945
1065303,2324758
1065468,1052112
106559,102711
10659536,15568720
1065972,1052617
1066190,999507
10661908,15571203
10662269,15571571
1066308,1052955
1066391,1053038
1066621,1053270
106666,102814
1066963,2881548
1066965,1053618
1067072,1053726
106741,102883
106758,102897
1067610,1633069
1067612,3018523
1067693,1054352
1068302,1054963
10684616,15594483
1068563,1055229
1068568,1055234
106874,2702843
10687826,15597740
10687831,15597745
1068798,2490789
10688279,15598197
1068874,267354
1069031,1055699
1069085,2984753
1069108,1390820
10692646,15602634
1069527,1056201
10695539,15605584
1069576,1917997
1069585,1056259
10697427,10874302
10700089,15610277
1070129,1056809
1070241,1056921
1070279,1056959
10706900,16510557
1071335,1058024
1071337,1058026
1071339,1058028
1071341,1058030
1071343,1540350
1071344,1058033
1071392,1058081
1071394,1058083
1071444,1058133
1071639,12127
1071893,1058585
1071898,1058589
10722695,15633377
10722915,428054
10725489,15636241
1073084,175687
10731875,15642733
1073232,1059917
107342,2041215
1073524,55548884
10736154,15647088
10738874,15593472
10739436,15650440
10741092,15652139
1074209,16458723
1074211,2854636
1074212,1849542
1074218,1060920
10743005,15654071
1074337,1061039
1074339,359311
107465,103574
1075126,1061829
10751324,15662538
10752566,15663795
10753863,15665142
10753902,15665181
10756459,1358908
10756509,15667821
10757361,7045904
1075891,1062603
1076038,2070809
1076040,2696420
10760794,15672145
1076320,1063032
1076322,1063034
1076323,1063035
1076324,1063036
107634,2164839
1076373,1063085
1076374,1063086
10764649,15676069
10765591,15677016
10765595,15677020
10766047,15677495
1077255,1063969
1077318,1064033
10774284,15686043
10774305,15686064
10775707,13724405
1077582,1064298
1077583,405830
1077591,1064307
1077704,1064420
1077808,889075
10780407,15692322
1078359,1065077
10784643,15696791
10785526,15697687
10788968,15701208
10788983,15701223
1078962,1478180
1078965,1065688
1078966,3064433
1078967,3000419
107922,104008
107932,2322551
1079345,3252320
1079427,1667616
107956,244691
1079587,1366740
1079652,3215136
10796743,15709397
10797921,15710612
10797924,17192222
10798912,15711626
1080004,3092892
10800859,15714147
1080103,1066835
10801929,15715258
10803061,15716423
10803786,15717169
10803806,15717191
108039,40214816
108044,304417
108049,43821337
10805001,3186437
10806008,15719446
10809768,15723314
1081122,1067859
1081239,2549767
10812829,15726426
1081290,1068028
10813388,6752556
10813529,15727144
10814630,15728274
1081530,1068273
1081699,1068442
1081707,1068451
1081710,2555602
10818982,15732692
10819950,15733664
1082086,2041392
10822,2090022
10822023,15735766
1082369,3183592
10824043,15737827
10824117,15737909
10824120,15737912
10824121,15737913
10824122,15737914
10824174,26331449
10824510,15738317
1082536,105046
10825729,15739590
1083012,1069773
108302,104362
1083084,1069843
10830941,15744945
1083290,1070055
10835083,15749191
10839025,15753250
108391,104451
10839304,15753550
108396,104456
10841844,15756187
108423,104483
10842675,15757037
1084274,1071043
1084275,1071044
1084276,1071045
1084277,1071046
1084278,1071047
10843249,802336
10844367,15758809
10845576,15760044
10845873,15760350
10845916,15760394
10845936,15760414
1085094,3267143
10852202,15766953
10853326,15768110
108538,104594
10854050,15768847
1085803,1072575
1085842,1072614
10862987,38559387
1086428,1073202
10864986,324508
10865012,15780182
108684,104735
10872535,15787835
1087361,2398518
1087364,1383911
1087686,2228667
10878462,15793959
1088284,1215606
108834,432328
10884708,15800400
10886035,15801731
10886037,15801733
1088623,1353418
1088635,1485838
1088664,2681796
10886642,15802348
10886703,15802416
108899,104950
108901,104952
1089020,1075813
1089021,1075814
108917,46828391
1089257,1076051
1089266,1076060
10893214,15809029
10894115,15809949
108943,838753
10897040,15812946
10897048,15812954
108979,1273068
108980,1283489
108981,105029
108982,105030
108988,105035
1089956,1076750
108999,105046
10900079,3464264
109008,44775
109019,1015554
109022,105068
10903928,15820035
109059,1015554
109073,2615068
109077,1015554
109082,824600
10908459,13073340
109089,2765786
1090920,2065847
1091035,1077835
109124,1784447
109137,2379261
10914148,15830422
1091586,1078389
1091589,1078392
1091592,1078395
1091601,1078404
10916317,15832670
1091684,1078487
1091835,160962
10923383,15840282
10925109,15842057
10925246,15842196
10926630,15843591
1092904,1231594
10929985,15847072
10931946,4639714
10939925,15857178
109411,105439
109414,105442
109415,105443
109416,105444
109418,105446
109419,105447
109420,105448
1094438,1081257
10947896,15865330
1094832,1081653
1094833,1081654
109484,1069597
10950055,15436565
109505,105529
10951002,1358908
109521,1255685
109522,105544
109545,2316127
109548,1064298
1095518,1082349
10955187,15872830
109565,105587
109567,105589
1095697,1082532
10957090,15874763
1095770,1082605
10959,4432325
1096163,1083001
10963,2458278
10967391,15885369
109692,105714
10969431,15887455
1097507,2884161
10975288,15893425
10975336,15893477
10975506,15893654
1097582,1084436
1097802,1084656
109796,105818
10980153,2904909
1098226,1085080
10982687,15901064
10982914,15901295
1098334,1085192
1098714,1358908
109881,105901
109882,105902
1098882,680304
109902,105920
1099023,2402163
109905,105923
1099097,1059246
1099301,1086172
1099466,2919094
109949,105966
1099663,1086539
1099664,1086540
1099767,3144982
1099771,1086647
10998131,15916846
109993,106010
1099973,86934
1099989,1086867
1100042,933973
1100044,1086921
1100072,2035015
11001308,15920104
11001793,15920606
11010729,15929751
1101216,1088100
1101217,1088101
1101218,1088102
1101225,1295550
1101226,1088112
1101274,1088158
11012811,15931876
11012854,15931922
11012920,15931990
11020001,15939342
1102025,823851
11021232,15940607
1102181,1089087
1102336,1089248
1102339,1089251
1102343,3124857
1102671,1089585
1102707,2810940
11030772,3186437
1103099,1090020
1103100,1020189
1103109,1090030
1103118,3018522
1103125,1090046
1103131,1090052
11034258,15954274
11034325,15954343
11035720,14851684
1104029,1090955
11042036,15962611
11042638,15963224
11043402,15964007
11043410,15964016
1104434,1091360
1104512,2332141
11045882,15966615
11046322,15967069
1104772,888312
1104852,1091786
11049394,15970368
1105004,1737708
11051230,15972285
11051239,15972294
11051243,15972298
11053767,15974914
1105380,231754
1105406,2615068
110545,106530
11055256,15976427
110556,106541
110561,106546
11058841,15980075
110598,106583
110599,1933061
110600,106585
110604,1505256
110611,106596
1106219,1093158
1106355,725650
1106375,1093314
1106532,1319418
1106576,1831262
11066857,1738595
1106769,1093708
110744,46022931
11074769,15996242
11076,2615068
11080564,16002184
1108130,1519376
11082250,16003895
11084266,16005961
11085292,16006994
11085473,16007184
11087750,6582437
1108899,1095853
1109237,2307815
11093132,46022931
1109512,1096469
110952,106878
110953,2015597
110955,106881
110956,106882
110957,106883
110959,1891891
110960,2015596
110961,106887
110962,2901503
110963,106889
110964,106890
110965,106891
110966,106892
11096614,16018596
110967,106893
1109672,1096634
110970,1513397
11097467,16019473
110978,106903
11097839,16019858
110979,106904
110980,106905
1109828,3009946
1109829,1096793
1109831,1733268
110985,106910
1109922,1096886
1109939,1096903
11099455,16021518
111000,106923
111001,106924
111002,106925
1110034,1096998
111004,106927
11100864,16022974
1110092,3053136
1110093,886283
1110209,1097175
111027,106948
11103106,16025255
11104413,16026573
11104417,16026577
11104480,16026645
1110791,1152585
1110801,1931561
1110855,1097824
1110905,2682098
1110908,2029501
1110910,2047585
1111036,1098006
1111065,357143
1111074,235637
1111075,353414
1111741,857108
1111748,1098723
1111756,1098732
1111762,2884160
11119532,16042227
11119535,16042230
11119771,16042480
1111978,2636239
1111982,616534
1111988,3338303
1112570,1099548
1112622,1099602
1112665,1099646
1112733,1099715
11134889,16058169
11136194,16059493
1113749,896682
1113753,1100745
1113916,1788127
1113919,1100915
1113921,2454359
1113923,2694257
1113991,1100987
1114016,1215362
111402,114873
111403,260716
111406,107300
1114157,1101154
1114158,3123143
11142754,16066306
111429,2543234
11143753,359486
11145688,362258
1114725,324576
11148223,16071885
11148687,16072359
11151037,16074756
1115866,2174984
11162467,16086477
11162563,16086576
11162583,16086596
1116302,1103316
11165308,2905864
1116544,1103558
1116552,1103566
1116594,166140
1116733,601700
1116771,1103788
11168527,16092700
1117339,1104363
1117362,2363835
111750,1726847
11175319,16099688
1117792,1069597
1118210,114868
11184941,16109617
1118561,1105593
11187090,1855987
1119074,1106141
1119075,69993
11192642,16117490
11193574,16118439
11198069,16123065
11198439,16123440
1119893,1106963
11201063,16022112
1120203,2379261
11205257,4639714
1120834,518536
1120838,202892
1120839,1107918
1120845,353337
11211540,16136950
11212375,16137799
1121393,593955
1121503,824600
11216446,16142007
1121740,1108823
1121913,1108995
11219282,16144927
112212,2900050
11221592,16147295
11223180,16148960
11223312,16149093
1122388,1109471
1122854,2429128
11231465,16157474
11231621,16157636
11233415,16159482
11233447,16159515
11233894,16159972
11233969,16160048
11233973,16160052
11233975,16160054
11233988,16160067
11234002,16160081
11234003,16160082
1123520,183133
1123535,1110626
1123542,1110634
1123543,1110635
1123640,1110734
1124123,1111223
11244247,16170573
11244252,16170578
1124458,195419
11248922,16175334
11248976,16175390
1124898,2375385
11249008,16175422
11249015,16175430
1124947,1112048
112502,47200082
11252681,16179238
1125366,16052698
1125388,290635
1125413,1112491
11254250,16180881
11254600,16181246
1125545,1061285
1125714,2369031
1125770,1112891
1126014,1113173
11261007,16187808
1126503,1113667
1126516,1113680
1126549,1113713
1126554,1113718
11265560,16192421
1126629,1113793
1126630,1113794
1126701,1113865
1126942,1114106
1126944,17615773
1126945,1114109
1127002,1114166
11270455,16197440
1127086,1217626
11273649,16200674
1127491,1114665
1127492,1114666
11275894,16202989
11275974,16203070
11275991,16203088
11276041,16203138
11276048,24734187
11276075,16203172
11276093,16203190
11276117,16203215
11276119,16203217
1127828,1835542
1127966,1115137
11280454,16207643
1128164,1114147
1128180,2375385
11282188,16209413
11282222,16209447
11282427,16209660
11285350,16212670
1128579,1115758
11286103,16213449
11287129,16214498
112878,108686
1128835,1249788
1128849,1116029
1128944,2796992
1128945,1116160
1128955,2863368
1128978,1116158
11290587,16218014
11290596,16218023
11290606,16218034
11290616,16218044
112908,108711
1129194,1116373
1129224,1116404
1129282,1116462
1129297,783739
1129300,1116480
1129309,3810764
1129310,1116490
1129315,2437545
1129316,5138657
1129318,714668
1129446,1350814
1129584,1116768
1129593,458242
1129721,184768
1129803,1116987
1129924,3186437
11301,13809
11301518,2180439
1130216,1117406
1130496,3181736
1130497,1117689
1130505,1421542
11305067,16232869
11310,1530651
11311,843796
11312,742
11315249,16243230
11320947,16249060
1132191,1119403
11325654,16253912
1132597,1950759
1132614,1842853
11329288,16257682
1133082,1120296
11331530,16002184
1133446,1120661
1133587,1120802
11337900,16266526
11337911,16266537
11337924,16266550
11338010,16266636
1133815,3059018
11340016,16268885
11343631,16272856
11344755,16273988
11345309,16117490
11345768,16275042
11345770,16275044
11346119,16275395
1134977,1366740
1135013,2933942
11351338,41122536
1135281,1913367
1135875,1123111
1135919,1123156
11359746,16289802
11360892,16290970
11363932,16294717
1137067,44588
1137392,177766
11376615,16307706
11377349,16308445
11377373,16308469
11378463,16309800
11380885,16312383
11380886,16312384
11380888,16312386
11382868,46022931
11384872,16316562
11384920,16316610
11387515,16319487
11387519,16319491
1138882,2703107
1139113,1126381
113946,267076
11394850,25126365
11395099,16327434
1139607,1126885
11397479,16329894
11398520,16330961
11401258,16333752
1140263,2377673
1140313,1738595
11403913,16336640
1140416,1127707
11407965,16340745
1140802,2419603
1140838,1128137
1140855,1035182
1141125,1128450
11411340,16344169
1141139,2791027
1141176,1128501
1141198,1842311
11416722,16349688
11416801,16349767
1142103,1129442
11423979,16357237
1142632,1130057
1142649,1130074
1142653,1130078
11426907,16360212
114282,1874292
1142856,1130281
11428984,2964544
114291,110052
114292,110053
114293,460950
114295,110056
1142998,1130439
1142999,1130440
1143050,1130493
1143063,1130504
114308,2857646
114317,110075
114318,110076
114321,110079
114327,2703162
114328,110086
114329,110087
114331,1654438
114332,701285
114345,2852640
11435741,16369344
1143690,1131133
1143691,1131134
11438297,16371952
11438301,16371956
11438669,16372344
11439031,55548884
1144015,1131459
11444709,16378482
11448145,16381987
11449470,16383370
11449531,16383432
11449551,16383452
11450088,16384011
11451417,16385378
1145214,1132661
1145610,1133057
1145614,1133061
1145652,1133099
1145653,1133100
11458111,16392194
1145862,159813
1146002,1133451
11460347,16394470
1146733,1134187
1146734,1134188
11467803,16402054
11468738,16403005
114700,110443
114701,299695
114702,110445
114704,110447
1147154,3350711
11472113,724467
11474551,16117490
11474838,15256653
1147633,1135093
11476828,16411562
11476861,16411652
11477054,16411940
11477076,16411965
11477109,16412002
1147724,2021328
1147725,1135186
11477671,16412592
11477699,16412620
1147786,1135248
1147790,2629511
11480310,16415279
1148052,2799480
1148053,1135515
1148113,2225503
1148185,3233954
1148683,1783322
1149019,1136484
11490615,16425904
1149144,3233726
1149226,1136694
11492265,16427692
11492727,16267022
11492884,15686647
114971,110712
114998,2270995
115005,110744
1150058,1137531
115024,110763
11503240,16438910
11507059,16442846
11507127,16442918
1150750,1138229
11508299,16352969
11508526,16444379
1151331,921500
1151567,1139050
1151568,6990
11515811,16452234
1152231,47200163
11522462,16459663
1152247,1139731
1152265,2410270
11523324,16460617
1152397,1139926
11525770,16463368
11526654,16464313
11526986,16464668
11529030,16144527
11532257,16470537
11532312,16470593
11532859,16471199
11532901,16471242
11533442,16471794
11533534,16471899
1153362,1734349
11533726,16117490
1153709,1141200
1153711,1761446
1153713,1761451
1153714,2260115
1153715,1141206
1153716,267197
1153719,1141210
1153814,1141307
1153835,1749203
11538645,16477646
11539476,16478637
11540816,16480161
1154134,243132
1154167,2543234
1154350,1903443
1154512,1142012
11545577,16485306
11546896,4121
1154733,2379261
1155071,1113795
1155180,1142683
11556479,16496634
11557260,16497481
1156846,1144427
1156976,1144557
1156981,1144562
11569941,16510690
11571238,16512076
1157242,1144823
11574935,16515948
1157539,1145120
115766,111490
1157711,1145293
1157924,1145509
1158013,13360622
1158114,1145713
1158128,1145727
1158158,1145757
1158159,1145758
1158184,1145783
1158328,2295209
1158504,1284559
1158510,1146112
1158730,1146333
11590099,16531793
1159302,15727535
11594337,16536239
1159469,1295245
1159579,1147184
11595919,16537863
115993,111715
1159982,3249590
116004,142009
1160416,1148028
11607446,16550024
11607961,17303804
11609484,16552201
1161325,1148942
1161502,1149121
1161535,1149154
1161994,1149616
116202,111909
1162182,1149805
11622125,16565276
1162699,781159
1162715,1150365
1162741,360130
1162941,1150592
11630978,16574547
1163099,1880786
116349,112045
1164284,960
116439,2624
116475,1360776
116494,827585
11651227,16595590
1165507,1153186
1165508,3042570
1165509,3160950
1165665,1153348
1165759,1153444
116591,41901934
116592,1993810
116594,1993810
116597,173513
1166,24176922
1166045,1153731
1166049,1153735
11663926,16609017
116654,112332
116657,2496056
116661,2816078
1167,865981
11671686,16617163
116722,3194905
1167695,1155402
1167735,1155442
1167832,1015554
11678961,16624977
1168368,2481646
1168383,2753668
1168387,1156097
11684505,16630804
1168534,2779602
1168659,1156376
11688640,16635181
11689243,16635831
1169081,701476
1169535,1157276
11696812,13300093
11697763,16644827
1170281,1158031
11703043,1872003
1170613,3100024
1170736,1295256
11708196,16655698
11708356,16402352
11709649,16657230
1171345,1159097
117140,112804
117170,112834
117173,112837
117174,112838
117177,112841
117178,112842
1171814,301473
11722227,1013424
11722716,16671053
11723690,16672069
117252,2534733
11726932,16675424
11727016,16675513
117278,112940
1172861,1160623
1172958,1964589
1172997,1160759
1172998,1530453
11731531,16680281
11734963,16683968
11735733,16684845
11735875,47751664
11737012,16686195
11737013,16686196
11737016,16686199
11737017,16686200
11737019,16686202
11737020,16686203
11737022,16686205
11737282,16686468
11737285,16686471
11737287,16686473
11737288,16686474
11737298,16686484
11737303,16686488
11737304,16686490
11737305,16686491
11737306,16686492
11737307,16686493
11737313,16686499
11737314,16686500
11737315,16686501
11737316,51998585
11737322,16686508
11737323,16686509
11737324,16686510
1173751,1161517
11739018,16688269
1173906,1161672
1174077,1161843
1174169,1161942
1174248,1162014
1174294,2515760
1174443,1505300
1174641,1162407
11748773,16698560
1175092,1162863
1175115,1162886
1175120,1163064
1175192,1162963
1175193,1162964
1175194,1162965
1175196,1162967
1175197,1162968
1175210,15433997
1175211,1162982
1175212,1162983
1175213,15349430
1175214,1162985
1175217,1162988
1175225,1163063
1175226,1162997
1175227,1162998
1175228,1162999
1175229,1163000
1175230,1163001
1175231,1163002
1175236,1163007
1175240,1163016
1175242,6712548
1175243,1163014
1175247,1163018
1175249,1163020
1175257,1163028
1175267,1163038
1175268,1163039
1175272,1163129
1175276,1162860
1175277,1162890
1175278,1163119
11757826,17958988
1175829,675614
117645,1224294
11765808,16716867
11768201,16719377
11768204,16719380
1176846,1164636
1176847,1164637
1177266,3033834
1177269,3033835
11775178,16213420
1177576,1165386
11777849,16729490
11777864,14844725
11788115,16740323
11790025,15225066
11790676,16742994
11791539,16743888
117930,2976
11793259,16745713
117938,52838108
11795053,16747616
1179637,1167454
1179639,1167456
1179641,1167458
11796628,16749325
1179745,1167562
117997,113589
1180070,120980
118019,4432325
1180535,1168420
1180574,1168459
1180704,1168590
118077,515786
118079,113661
118080,113662
1180910,2405732
1181002,1168889
11816538,16770541
118178,113746
11819205,16773529
11819239,16773567
11822984,16777438
118230,2060302
11824,14213
1182507,1170430
1182578,3234599
1182799,24164127
11828,14213
1182804,24337761
1182805,24164156
11832717,123777
11832862,16787837
1183594,3050704
1183743,1171678
11841684,16797088
1184366,1172316
1184613,1172563
11846579,16802235
11850834,16806759
11851859,2524660
1185283,1173242
11853283,16809399
1185784,1173749
11863768,16820642
1186383,1174362
1186386,1174365
11864146,16821052
11867401,421397
11867718,16824870
1186857,1174843
11868577,16825790
1187040,1536716
1187597,570892
1188025,2227691
1188035,2227757
11888024,16846848
11889552,18477888
1189074,847402
11891485,16850550
11892327,16851403
1189885,891152
1189915,2269930
1190131,1178159
11903,1247072
11904255,16863430
1190705,2146123
1190782,1178812
119095,3036025
119136,114698
119146,1959675
1191504,1056146
1191777,1179816
1192121,1180162
1192122,3012750
1192123,1180164
1192163,1180204
11923030,14615333
119247,1933284
119248,3386785
119250,114812
119251,114813
119253,343811
1192608,1180658
1192611,139105
1192774,2677305
1192783,19164835
1192949,1180999
119297,114867
1193036,1181086
1193309,1181612
1193324,1181372
1193362,1181397
1193425,1181396
11935255,16896117
11938763,15267454
1194087,1182141
1194302,448935
1194303,120907
1194304,851131
1194310,121027
1194325,3138654
1194327,120946
1194329,1182383
1194335,2687577
1194345,299495
1194347,120910
1194356,120948
1194497,1182551
1194503,1182557
1194550,3116004
11946938,39902273
1194847,497745
1194914,1182971
1194915,1023232
1194924,8422988
119502,1359732
1195085,2765786
1195087,2765786
1195367,1299695
119539,30279940
1195394,1183458
1195768,783733
1195791,1183857
1196021,1906331
1196024,2707764
1196570,1184655
1196624,1184709
1197224,3355199
1197360,1185455
1197361,1185456
11974615,10874302
1197646,2988563
11976749,16939934
11982396,16945862
11982878,16946371
11985915,16949551
11986401,16950083
11988437,16952221
1198981,1187101
11990648,16954561
1199149,1187274
1199289,21397382
1199553,941349
1199683,3042565
11999940,16964327
12000129,16964533
120029,115570
12004754,16969368
12006533,16971244
1200671,23907039
1200770,1123743
1200781,1334920
1200792,1188940
1200793,1334937
1200797,1334928
1200798,1334957
1200800,1188948
1200807,1334935
1200808,1334872
1200809,1334991
1200815,1334923
1200937,1189076
1201187,1189336
12013126,16978166
12015712,16980928
1202113,1190276
1202122,2554122
1202246,1190410
1202403,3573828
1202422,1190587
12028642,16117490
1203197,1191367
120322,1973797
12032871,16999253
12033063,16999460
1203396,3634416
12034897,17001375
12038857,15559043
1204019,1318351
120419,2736826
1204282,1192604
12043952,17010680
12044078,17010806
1204567,1192892
12046971,17013753
1205146,2285306
1205199,33089
12052534,16697866
120526,453672
12056019,17023142
1205852,1194185
1205982,1194316
1205985,1194319
1206079,2895176
12063131,1880
1206364,1802293
1206424,47840
1206429,3057077
1206434,1194777
1206438,511513
120654,527175
120655,2210975
1206563,891152
12065943,17033359
120661,527176
120663,116184
120665,116207
120668,116189
120669,116190
120671,116192
120672,1081670
120674,2823567
120694,116215
120695,1175175
1206966,1195320
120705,1399516
1207059,1195413
120706,2957932
1207060,1195414
1207061,1195415
1207062,1195416
1207063,1195417
1207076,1195430
12071060,17038647
120711,1060865
12071135,17038724
120713,116234
120715,116236
120718,2221897
12071805,17039411
120721,10834475
120725,770678
120727,116247
12073247,41375537
1207443,2475705
12074753,2736849
12074821,17042519
120749,116269
120750,2354067
1207838,1196199
120796,229624
1208041,2529550
120809,116324
120811,116326
120816,116331
120822,2838434
120827,116342
120838,116353
120839,116354
120840,1704454
120841,116356
120843,2706802
1208468,1196834
1208469,1196835
120847,588869
1208494,2071155
1208498,2444709
12086981,17055095
12088277,17056480
12088868,17057093
1208927,816361
12089457,17057709
12090666,17058960
12090673,17058967
12090695,17058990
12093322,17061770
120937,116452
12093808,17062267
120945,116460
120959,116474
120971,116486
12097286,17065950
12098668,17067386
1209947,1198319
12099892,194486
1210033,1198406
12102802,17071689
12104958,17073902
1210552,1198925
12106834,17075801
12107920,17076921
1210874,1199253
1210916,1199298
12113661,17082825
1211405,1199790
12118055,17087333
12120171,17089473
12120180,17089482
1212152,1200543
1212173,2941323
1212187,2302773
1212189,2302790
1212387,1200805
1212409,1200805
12125,213788
1212553,1200955
12127455,17096986
12127499,17097037
12127615,17097154
1212772,267076
1212821,1201232
12134334,17104151
12134373,17104193
1213891,3042314
1213927,1202344
12139723,17109764
12140233,17110308
121404,116906
121405,116907
121406,3249746
121407,2674738
121408,808232
121419,116919
1214442,558872
121451,116942
1214550,1202987
1214555,1202992
121457,116949
1214611,6916040
12146698,17117206
121469,116957
121470,116958
121471,116959
1214721,33088
1214830,1203284
1214901,2479669
12150568,17121162
1215290,1203733
12155,14488
1215867,1204323
1215868,19838
1215869,1204325
1215870,1204326
1215871,1204327
12159266,17130248
12159319,17130306
12159895,17130899
12159903,17130907
12159904,17130908
12159951,17130964
12160846,17131901
12160869,17131924
12160920,17131976
1216187,1204652
1216329,1204794
12170420,2948679
1217101,1205567
12174670,16536239
1217523,1205994
12177920,17149642
1217933,1738595
12180277,17152027
1218313,2993787
1218414,1206888
1218416,1705157
1218418,11093106
12184497,17156421
12186326,17158367
1218653,1207128
121878,2368741
121879,117328
1218966,134955
12193635,17166030
1220113,57380
1220282,1208760
122045,117490
12207063,17179929
122073,117518
122078,117523
1220937,307896
122094,117539
122096,1042178
122102,117547
1221038,2208129
122105,117549
122113,352521
122119,530632
122125,1268257
122132,117576
122146,117590
12216871,17190041
12216875,17190045
12217784,190156
12219721,17192956
12220009,17193279
12220011,17193281
12220013,17193283
12220062,17131866
12220067,17193337
12220102,17193372
12220103,17193373
1222403,1210896
12225739,17199236
122279,117721
12228772,12907434
1223119,1178938
122352,843303
1223736,1576623
1223753,1212256
1223963,2285057
12240668,15093415
1224316,1212819
12245701,17220008
122468,3386737
122469,1170367
122476,778444
12248,14565
122482,819489
12248322,17222727
1224845,3214742
1225044,1213554
12250571,17225042
1225465,1213979
12254770,17229417
1226227,1214742
12263,14577
1226300,1214819
12264509,17239518
122647,23684401
1226587,3225964
1226698,1878524
12267401,17242536
12267708,17242853
1226874,1215408
1227072,1215606
1227323,1215857
1227341,1215875
1227413,1390951
122743,118182
12279176,17254993
12279776,17255638
12280387,17256281
1228088,1216629
1228192,1216733
12285415,16618786
12285808,17262025
1228740,1217285
122884,2918026
1228894,1221721
122900,1531743
1229029,1217577
1229129,1217679
1229131,1217681
122914,260775
1229150,238084
1229170,1217720
12291714,17268322
12292007,17268644
1229630,141524
122967,724467
122972,724467
122980,118403
12299755,17276816
122999,40235866
12302160,17279304
12303608,17280785
1230557,1703703
123070,2385756
1230853,1219438
123168,1206767
123169,118585
123170,1206723
12317217,17295113
12317501,17295416
12317799,17295749
123179,2888015
1231845,1220444
123190,118605
123192,118607
123196,531219
123199,1040149
123200,1309210
123201,1039733
123202,118615
123203,3304941
123204,1284823
123205,1039747
123206,118619
123207,1040150
123208,961306
123209,1945374
123210,979975
123211,1945372
123214,118627
123217,118630
12321949,17300152
12321950,17300152
12324715,17303204
12324716,17303205
1232589,1994362
1232609,1221212
12326211,17304827
12326426,17305054
1232679,1221282
12327600,17306294
12329830,17308652
12330870,17309800
12336489,17315640
1233922,1222529
12340317,16319487
1234372,1222985
1234373,3072178
1235078,1223702
12351641,15292462
1235200,1223828
1235259,1223887
1235314,134622
12354976,17334702
1235546,1224176
12355856,15093631
12356659,17336443
12357387,17337214
12362700,17342781
1236531,1225163
12366334,17346530
12369737,17350034
12369740,17350037
12369741,17350038
12369742,17350039
123729,119136
12373541,8407459
1237513,1226155
1237630,12650214
12376948,17357448
123805,19195503
123816,119222
12381659,17362334
12381688,17362364
1238304,1226947
1238376,1227019
12384883,17365699
123858,2484218
12385894,17366762
123859,2484230
123860,654938
123890,3194792
1238934,1227579
123897,2829101
12389707,17370722
12389745,17370760
123901,3228357
123902,439623
12390794,17371839
1239214,797292
1239339,1228003
12394114,17375253
12394129,17375268
12394136,17375275
1239697,105818
1239698,1228368
1239699,1228369
1240017,1228688
124031,1165483
124032,119435
12403220,17384676
12404771,2260195
124061,1053038
12406624,17388174
12407005,17360372
1240904,1229577
124114,119517
12412590,17394296
12412944,17394656
12413746,17395481
12414402,17396166
1241448,2563528
1241617,1230301
1241801,1230488
1241924,1230612
124245,811487
12426366,17408640
1242900,1231594
12429335,17411715
1243135,1231833
1243179,1231880
1243203,1231901
1243204,1231902
1243208,3076687
1243209,16223250
1243212,1231910
1243249,1231948
1243302,209160
1243482,1232182
1243525,1187103
1243806,1232511
1243899,1232631
1243909,1232586
1243984,1232689
1244311,1233023
12447635,17430699
12448586,17431671
12452420,17435671
12452818,17436093
12453259,853113
1245637,1234362
12461406,17445131
12461718,17445450
1246439,1235168
1246526,1235255
12466602,16319487
12466937,17450860
12467012,17450940
12467036,17450964
124671,979689
124672,2219793
12467386,17451331
124674,1542989
12467482,17451427
124675,120063
1246752,1235481
1246758,1235487
124678,120066
124679,120067
12467945,17451899
124680,2219789
124682,607634
124683,2219796
124684,1389004
12468468,17452446
12468510,17452489
124692,120080
124694,1598980
12469449,17453478
124705,3259861
1247306,1236040
1247393,10104528
12475143,17297167
12475482,17459771
12476175,17460494
12476366,17435744
1247807,1236545
12478908,5108099
12480369,17464955
12480717,17465313
1248553,1237294
1248558,718034
1248764,1237506
1248951,1237693
12489842,17474840
1249164,1237906
12493923,17479097
1250242,1238991
125049,1416010
125052,1626868
12510896,17496639
1251155,597888
1251183,3332564
1251838,1240598
125190,231599
125191,1128116
125232,120613
1252437,1241200
1252440,1241203
1252446,1241209
1252447,1241210
1252448,1241211
1252450,1241213
1252452,1241215
1252475,1241238
1252480,1241243
1252481,1241244
1252482,1241245
1252491,1241254
1252494,1241257
1252495,1241258
1252496,1241259
125332,2671860
125333,2761804
125336,1891869
125337,852400
1253432,1242204
125344,356811
12534534,17521259
12535568,17522341
125356,120728
1253662,1242438
1253990,1313599
125404,824446
125406,2991406
125407,2682340
125408,120778
125409,120779
125411,3014258
125422,1704456
1254229,1243006
125423,542368
1254366,1243143
1254384,44775
1254531,1243308
1254539,3244521
1254564,1258632
1254702,1243480
1255021,43821337
125507,120878
125508,120878
12551093,17552662
1255132,1243910
1255133,2155945
1255134,1243912
125533,120898
125534,120899
125535,120900
125536,120901
125537,1311071
125538,2687577
125539,170659
125540,3228379
125541,120906
125542,120907
125543,1264563
125544,1733998
125545,120910
125546,1737641
125547,2492414
125548,3062607
125549,3042641
125550,41930661
125551,2261957
125553,448935
125554,120919
125555,120920
125556,1856845
125557,777796
125558,120923
125559,2261969
125560,1733997
125561,120926
125562,353337
125563,120928
125564,3138654
125565,870701
125566,120931
125567,1546098
125568,120933
125569,1546101
125570,1964297
125571,1157094
125578,120943
1255789,1244572
125579,1713475
12558,1842597
125580,120945
125581,120946
125583,120948
125585,21558607
125587,120952
125588,120953
125589,3089417
125590,1964290
125591,120956
125592,1318293
125593,2069146
125594,170682
125596,870681
12559676,17563565
125597,120962
125598,120963
12559804,17563697
125599,120964
12559996,15288130
125600,120965
125601,120966
12560191,17564101
125602,2523804
125603,120968
125605,2261945
125606,2192255
125607,2261952
125609,120974
12561056,17564998
125611,2994055
125612,120977
125613,120978
125615,120980
1256157,960
125616,120981
1256165,1244953
125617,120982
125618,1311066
125619,1184655
125622,1311064
125623,120988
125624,1856847
125625,120990
1256277,1245068
125630,120995
125631,120996
125632,120997
125633,870699
125635,121000
125636,121001
125637,121002
1256372,1245166
1256380,1245174
125640,121005
125641,1259336
125646,121011
125647,121012
12564868,17572831
125651,121016
125654,121019
125661,1639175
125662,121027
125664,6877151
125669,1259336
12567865,17576016
12567869,17576020
12567871,17576022
12567888,17576039
12567889,17576040
12567892,17576044
1256825,1245625
125689,121054
125703,6732105
12574862,17585510
12576704,17587424
1257748,1246558
12579397,17590219
1258024,3009788
1258026,1246840
1258029,1246843
1258032,1246846
1258033,1353232
1258121,1246936
1258263,1247078
1258312,1247128
12584775,17599149
1258664,1285373
12589178,17603905
12592188,17607061
1259253,2532915
1259263,1248093
1259288,1248118
1259530,21942733
1259586,1248416
1259588,1248418
125982,121337
126018,121373
12606552,17621869
1260721,1249562
12616156,17638607
1261770,1250616
1261817,1402758
1261839,1250693
126215,121557
1262858,1251721
12629258,17699887
12629361,17700106
12630324,17701776
12630577,17702213
1263152,3464264
12631872,17730963
12631873,17730969
12631875,17730988
12632235,17305054
12632597,17736131
1264170,1253040
1264299,500760
12652459,17766177
1265468,1254349
12654902,17768792
1265681,1254562
126574,121897
1266011,1837396
12663253,17777718
12663804,17778301
12666682,2008187
12671144,17786131
1267522,984866
126770,58320588
126771,122081
126784,122094
1267885,1256781
12678999,17794670
1268100,41331736
1268107,2765786
1268108,2765786
12681103,17796926
1268267,1257170
126830,122140
126851,122161
12687785,17816812
1268952,2061645
126919,3362266
1269216,696585
1269234,1258149
1269292,1258207
12696555,55548884
12696977,17827695
12696982,17827700
1269778,1258699
1269807,1258731
12700341,16109617
1270173,44762010
1270206,1259132
1270207,1259133
12703564,17835504
1270561,1259488
1270564,1436056
127058,122364
127060,122366
127063,122369
12707195,17839962
1270829,26904
12711152,17844849
127118,122423
12712585,17846620
12712703,17846764
1271288,41129440
127129,122433
1271408,1260347
127154,122458
127157,1731899
127162,809093
127163,122480
127167,668083
127169,3005337
127170,896591
127171,122475
127175,122479
127177,122481
127179,3147348
12720139,17855717
1272152,1261101
1272176,1461042
1272200,1261149
12722702,17858672
12723569,17859635
12723640,17859709
12726826,17863436
12726876,17863495
1272698,1261652
12727215,17073902
1272759,2379261
12729669,17866748
12729724,17866809
12731742,17869119
127335,122634
1273386,1262344
1273568,1262526
12735988,17873976
1273648,689484
1273929,1262889
1274634,1263602
12747769,17887887
1274981,1263949
12750308,17890814
1275105,3260020
12753579,17894759
12754214,17895509
1275713,1264684
1275728,1264699
12758313,17900349
12759,1785404
1276387,103828
12763989,17907463
12764826,17908393
12764894,17908471
12764917,17908502
12767304,17911408
12771,15037
127722,122998
127747,123023
127749,768864
127752,123028
127767,123043
1277692,1266671
12776960,17922736
1278448,1267435
1278771,1425476
1278800,1267788
127933,123208
1279339,632443
127935,221312
12793708,17941694
1279740,1045868
1279741,176952
1279744,1042858
12805388,15414344
12805706,17954439
12809970,17958988
12813939,17963215
12814582,16275671
12814612,17963908
12818090,2765786
1281992,1535598
12820893,57999830
12821016,17970647
1282161,1271186
12823369,17973095
12823835,17973574
128244,1880
128246,123512
1282672,42496552
12833657,16987698
12833833,17984175
12833946,17984294
12834498,17984890
12835165,6619608
12835185,17985617
1283652,1272699
1284044,2039786
128433,866941
12845544,17996602
12846739,17997855
12849217,18000445
12849266,18000506
12849592,18000855
128507,49850164
1285141,1274193
128515,17441265
128516,48094635
128518,3202901
128521,123777
12852262,18003699
1285413,1274482
1285474,2053775
1285475,395511
12858122,18009849
12859798,18011622
128604,1109795
128605,1626450
128606,2405932
12860772,18012637
128609,123864
1286204,1275274
128654,123908
128657,1475324
12865797,18017935
128659,26528729
12868711,18021004
128693,123945
1287385,1276464
1287540,1868047
12875557,18028389
1287646,1276725
12886165,18039624
12886238,18039699
12887384,18040876
1289029,1278113
1289064,1278148
12891021,18989040
12891160,18044958
12892470,18046343
1289331,1278416
1289436,1278524
1289731,1278818
12897364,18051492
12899180,18053404
12900184,18054451
12900361,18054636
12900520,18054800
12900523,18054803
12900677,18054961
12900698,18054984
12900762,18055050
12900918,18055208
12901050,18055354
1290114,2208078
12901200,18055510
12902884,16646067
12905873,140264
12906555,18061140
12906574,14899962
12906735,18061329
12906786,18061383
12906833,18061437
12907991,18062647
12908497,18063187
12908617,18063312
12908814,18063517
12908947,18063654
12909091,18063807
12909138,7709106
12909209,18063931
12909265,18063988
12909353,18064082
12909639,18064382
12911392,18066207
129114,804473
1291385,1280475
12915209,18070186
1291533,1280623
1291874,1280966
1291920,1281012
1291923,952391
1292045,21473721
12921068,18076306
1292157,1281251
1292246,1575652
12924027,18079454
12924042,18079469
12924062,18079489
12924260,18079703
12924291,18079736
1292489,1281584
12926229,18081778
1292647,2347064
1292844,1281943
12931282,18087096
12931291,18087105
12932,1276969
1293226,616885
12933,354654
12933907,18089889
1293615,987048
1293622,1282727
1293642,1282747
1293644,626845
12937,2980838
1293907,2069970
12941663,18098108
12942286,18098741
1294264,1283370
1294266,3139087
1294267,1283373
129479,10953278
1294846,1283964
1294848,255655
1294857,4042535
12950218,1717498
1295417,1284544
129552,371986
129553,1807153
12958793,18116151
129594,124816
12959724,18117153
129599,124821
12960280,18117813
1296100,1285232
12961368,18118968
12962487,18120162
1296264,3192561
1296265,1399178
1296328,1285460
1296330,1766237
1296331,720718
1296415,1685291
1296420,235248
1296441,528214
12965287,18123178
1296532,1285664
1296537,1285669
1296599,1285731
1296601,741891
1296603,1285735
1296605,1285737
1296650,1285783
1296918,47660
12969560,18127772
1297041,374972
12971665,17435671
12971742,18130066
1297535,1286690
12975520,16319487
12975886,18134569
12976333,18135047
1297654,1286809
129771,264086
1297725,401426
1297758,1286913
1297810,816631
129786,125000
129790,1366618
129792,568676
129793,1366602
1297992,36931
12981352,18140473
1298171,1287327
12981867,18141043
1298201,1287357
1298203,1287359
1298205,2770233
1298211,1287367
1298218,1199255
12982439,47813208
1298271,1287427
1298282,1287438
1298325,1287481
12983415,18142826
1298380,1287536
1298418,1287577
1298513,3342542
12985407,18144892
1298568,2842038
12987098,18146804
12987151,18146866
12987187,1061285
12987902,18147680
12988047,22029706
1298817,1287984
12988705,18148518
1299058,1288230
1299062,1288234
1299128,1288301
12991342,17945767
1299318,3017245
12993697,18153942
12993798,18154053
12993825,18154082
1299393,38559387
1299477,3862759
12996452,18156871
1299684,1288859
1300036,120796
1300476,2297602
13005693,18167010
1300700,929001
1300731,1289904
1300739,1289918
1300866,1290048
1300927,1290107
1300957,2245670
1300958,1290138
13011990,18173765
13013561,18175453
13013592,18175487
130178,987048
130196,1835542
130203,3234664
13020402,18182894
130215,2200495
13023,2933712
13024435,18187286
130263,125460
13027628,18190786
1303416,1292617
1303423,1183967
13037808,18201560
13039548,18203398
13039562,18203412
13039569,18203420
13041615,18205675
1304536,1293769
1304540,41373856
1304544,1293781
1304562,1293799
1304651,281741
13046593,18211029
13047113,18211599
13047384,18211894
1304950,1294189
13049567,18214226
1305219,2768080
130580,2686896
13058009,18223205
13058518,18223766
1305921,1295164
1305959,1295202
1305962,3247035
1305968,1295285
1305989,1295253
1305990,1295233
1306001,2156057
1306003,1295223
1306065,260721
1306084,1295329
13061475,18226892
1306252,1295499
1306284,1295532
1306285,1088108
1306367,1295617
13063873,18229399
1306445,1295695
1306489,1295740
1306493,1384549
13067526,18233351
1306827,1296080
13069264,21520850
1307060,1672428
1307073,82630
1307096,2104707
13071705,18237974
13071808,18238093
13072658,12823575
13072949,18239359
13074699,18241391
13074703,18241396
1307531,1920769
130755,2720881
1307805,1297063
13080666,18250045
13080670,18250049
13083,817164
13083239,18252889
1308361,1297622
1308372,1297633
1308756,1298019
130878,734078
13089732,18261405
13089735,18261408
13089740,18261413
13090747,18262463
13090976,18262702
13091239,18262978
1309173,1298441
13091782,18263559
13091791,18263568
13092290,18264124
13092541,160124
13092921,20497597
1309353,1878
1309651,1298920
13097677,18269883
13100315,14615333
1310108,885278
1310251,496268
13104511,18277483
13107377,18280542
13109626,18282957
131120,126287
131121,984147
1311211,1300501
131122,1168344
131123,1165972
13114715,18288620
131161,2690581
13119900,18294984
13119909,18294994
13119928,18295015
13119935,18295022
13120172,18295262
13121561,14718393
1312325,1301618
13129136,18305207
13133021,18309476
13133219,18309683
13133230,18309694
13133329,18309794
13133670,40370
13133717,18310198
13133942,18310433
13134275,18310832
1313468,409293
13136252,18313014
13141567,18318710
13142235,18319405
13142498,18319706
13143452,18320775
1314540,2514512
13147964,18325632
13149235,18327045
13152078,18330163
13152098,18330188
13152107,18330197
13152282,16646067
13152850,18330999
13153595,18331773
13154151,18332368
13154174,18332393
13154200,18332419
13154202,18332421
13154232,18332316
1315437,79843
1315440,1304742
13155347,18333606
13155444,18333706
13155446,18333708
13155448,2515941
13156429,2475078
13156621,18334920
13156623,18334922
13156782,18335104
1315829,1305131
131587,126731
13158991,18337551
13159164,18337734
13159172,18337743
13161632,18340463
13163227,18342185
13163931,18342990
13164,15335
13164050,18343118
13164526,1282066
13165324,18344511
13165328,18344515
13165332,18344519
13165492,18344681
1316598,1305905
13166590,18345708
13166594,18345817
13166609,18345832
13166619,18345842
13167140,18346383
13167166,18346409
13167167,18346410
13167771,18347027
13167772,18347028
13167773,18347029
13168,1245146
131693,2279183
131698,126842
1316999,56209296
13170022,18349337
13170024,18349339
13170025,18349340
13170027,18349342
13170028,18349343
13170031,18349346
131717,126861
13173,525661
1317462,1306777
13176,15343
13176324,18356218
13178069,18358088
13178349,18358379
13178600,18358640
1318100,6240339
1318176,1307498
13182787,17381882
131845,1223828
131846,1935658
131848,1091819
131849,126993
131854,1318355
1318578,2902241
131860,931486
131862,3199908
131865,690071
13187162,18368047
1318858,1308183
131897,2467814
13190214,18371378
13194867,18376625
13194933,18376691
131954,2674739
13195443,18377676
13195450,18377688
13195451,18377689
13195457,18377697
13195497,18377739
13195506,18377749
131956,127099
13198862,18381522
1320131,1309476
13202045,18384991
13202048,18384994
13202081,18385031
13202082,18385032
13202089,18385039
13202090,18385040
13202091,18385041
13202096,18385046
13202106,38569733
13202110,18385060
1320215,95547
1320430,1309776
1320756,1310104
1321010,1310364
1321013,1310367
1321016,1310370
1321017,1310371
1321045,1310399
1321046,1310400
1321047,1310401
1321048,1310402
1321363,361223
13215,15382
1321560,3311246
1321724,1311079
13218723,18404843
13220401,18406995
13220422,18407021
13221024,18407806
13221028,18226218
13221030,18407812
13221034,18407817
1322296,141844
1322301,5909470
1322302,58106633
1322303,1311683
1322305,71851
1322310,1311691
1322312,140535
132239,987048
1322450,48883176
1322697,41394
1322714,19157021
1322801,26472825
13228477,18420527
13228485,18420537
13228487,18420539
13228506,26900631
13228540,18420610
13228542,18420612
13228548,13437356
1322957,1312357
1322974,1312374
13231934,18425220
13231962,18425314
1323310,1312715
13236225,18433733
13236900,18434722
13237162,18434987
13237232,18435057
13237341,18435196
13237803,18435819
1323784,1313190
1323785,1313191
13238223,18436349
13238831,18437270
13238834,18437276
13238927,18437424
13238951,18437467
132390,361386
132391,245197
13239374,18438530
13239538,18438700
1324385,3159211
1324483,1313893
1324499,381325
13245872,18267939
13247075,18447622
1324782,19062086
1324917,1314335
1324925,1881782
13250638,18451461
1325164,281300
13251695,18452703
1325218,145600
132539,2994457
132541,1937310
13257,15423
1325801,1145342
13259034,18460528
13259080,18460575
13259214,21524565
13259321,18460820
13259650,18461152
13259706,18461208
13259764,18461266
13259783,18461285
13259886,18461389
13259987,18461490
13260025,18461528
13260093,18461596
13260199,18461179
13260265,18461768
13260334,18461837
13260468,18461973
13260509,18462014
13260514,18462019
13260516,18462021
13260519,18462024
13260522,18462027
13260548,18462053
13260549,18462054
13260552,18462057
13260557,18462062
13260559,18462064
13260562,18462067
13260568,18462073
13260591,18462096
13260595,18462100
13260635,18385156
13260639,18462145
13260645,18462151
13260661,18462167
13260675,18462181
13260732,18462241
13260743,18462252
132609,783733
132612,2818011
13262061,18463625
13262753,18464349
1326509,1315936
1326868,2056451
1326911,1316342
13269821,18473529
13269826,18473534
13269843,18473551
1327022,2059079
13270720,18474445
1327360,1316797
1327397,1232750
13276229,18480292
1327699,927267
13277796,18481939
13277797,18481940
1327836,229642
13278873,18483077
13279447,18982022
1328467,1317918
1328469,1317920
1328605,319425
1328751,1318202
13290203,18495143
132948,1316672
132949,1316672
132960,3021308
1329652,1700172
132992,1299636
1329946,362258
1329950,2180439
1329952,2180439
1330200,1993854
1331124,3013075
1331682,933852
1331686,1142982
13328083,1056800
13330325,18537958
13330355,18537990
13330367,15327314
13330545,18538194
13330616,18538267
13330633,18538285
13330648,18538255
13330658,18538311
13330672,18538326
13330673,18538285
13330806,18538468
13330808,18538260
13337050,18545277
1334017,1323541
1334018,1323542
13343102,16777438
13344086,18558295
133472,128575
13349543,18569951
13349592,18570039
1335184,1324719
1335185,1324720
133526,1416904
1335385,1324922
133547,878180
1335477,3141832
13356163,18583386
13356202,18583425
13356510,18583864
13356643,18584040
13356652,18584050
13356661,18584059
13356666,18584064
13356669,18584067
133574,2130708
13358131,1993810
133589,128689
13360376,18588781
133612,128708
133613,128709
13362685,18591288
13362829,18591432
13362834,18591437
13362934,18591552
13363087,18591711
133641,2687558
133678,128773
1336820,2502174
1336826,2526051
13369316,2630133
1337128,1197453
13372861,18602330
13373990,18603560
133751,1208542
133754,128849
133755,128850
133762,128857
133771,3312962
133785,3012793
133787,128882
133788,433336
1338047,2292855
133841,128936
1338449,1328012
1338654,1328219
1338657,1328222
13389354,18620185
13389488,18620341
13389825,18620713
13391155,18622145
133919,129013
1339198,1286367
133924,129018
133935,519813
1339704,1329275
1339708,1329279
134001,129093
134028,919147
1340448,1330021
13407153,18639496
13407250,18639605
13407257,18639613
13407333,3014191
134095,3066321
134096,496026
134097,129187
134098,1124563
134099,875490
134100,129190
134101,129191
134102,3027946
1341147,960
1341230,1330812
13413437,18694303
13414183,18707527
13414498,18713122
13414506,18713130
13414542,18713237
13414563,18713228
13414803,18714254
13414820,18714281
13414838,18714351
13414845,18714258
13414852,18714369
13414857,18714374
13414858,18714375
13414859,18714376
13414860,18714377
13414866,18714389
13414867,18714390
13414897,18714427
13414898,18714428
13414940,18714526
13414963,18714270
13418252,18759225
1342090,1331675
1342091,1331676
1342103,1331688
1342222,257144
13422478,18859416
13425989,18912235
13425995,18912241
13426024,17886430
13426077,18912364
13426151,18912499
13426158,18912507
13426163,18912512
13426167,18912516
1342645,1332236
1342649,1501509
13426729,18913993
13427241,18914663
13427911,18916074
1342837,1332430
1342839,1332432
1342859,1332452
1342898,3089870
1342903,2548441
1342904,1332497
1342905,3017849
13429528,18920206
13429582,18920302
13429583,18920303
13429592,18920314
13429593,18920315
13429616,18920338
13429618,18920340
13429619,18920341
13429625,18920347
13429640,18920362
13429644,18920366
13429645,18920367
1342999,1332592
1343011,199455
1343084,3634412
1343134,1332732
134314,3234169
1343192,1332785
13434402,18936474
13434404,18936476
13435268,18937401
13435273,18937406
13435621,18938317
13435622,18938318
13436359,18940460
13436360,18940461
13436365,18940466
13436366,18940406
13436372,18940473
13436377,18940478
13436380,18940417
13436381,18940482
13436382,18940483
134371,2516111
13438677,18946159
13440720,18948480
13447325,18963846
13447545,18964478
13448343,18967692
13448492,18968298
13449305,18970277
1344933,1334538
1344940,2288038
1345297,2294838
1345321,3123144
13453232,4850847
1345341,3123138
13453508,18980118
13453510,18980120
1345369,10288514
13455727,18984211
1345662,1335298
13457535,527941
1345814,1335450
13459467,18989590
13460,15610
1347746,1337397
13477819,19008874
13478984,19010514
13478987,19010517
13478992,19010524
13478996,19010530
13479530,19011255
1348395,1338049
13484707,19019971
13485011,19020473
1348593,824446
13486301,19022785
13487677,19025066
13489941,359486
13494834,19036819
13498623,3252320
1349956,1602074
13499968,19046193
1350015,40872087
13500155,19046502
1350249,40728295
1350312,48093969
13503146,19051840
13503352,3186437
1350349,1340026
13510095,19063261
13510287,16319487
13513080,19068295
13513201,19068506
13513202,19068507
13513350,19068664
13513398,19068713
13513400,19068715
13513407,19068722
13513408,19068723
13513409,19068724
13513413,19068728
13513416,19068730
13513418,19068733
13513449,19068764
13513656,19068973
13513661,19068978
13513670,2369031
1351479,1207111
1351516,39678
1351527,1341211
13515864,1508178
1351590,1152585
1351634,434595
1351653,3065308
13516652,19074097
13516681,19074138
1351679,1341363
1351681,1968
1351683,1341367
1351687,14213
1351703,1366740
13517550,19075831
13517555,16536239
1351803,2674739
1351814,1284999
13518928,19078382
1351988,1341672
1352103,1145343
13521501,19082177
13526147,19086854
13528292,19089012
13528304,19089024
13528330,19082177
13528348,19089069
13528386,19089107
135284,21430714
13528453,19089176
13528602,19089330
135287,1177936
135288,3004895
13529010,24617025
13529139,19089877
13529300,16550024
13529377,19008874
135297,130381
1353039,1342738
13530481,6726246
13530951,19092617
13530952,19092618
13530955,16026629
13530986,19092654
13531002,19092670
13531014,19092682
13531015,19092683
13531016,19092684
13531017,19092685
13531018,19092686
13531019,19092687
13531024,19092692
13531026,19092694
13531032,19092700
13531034,19092702
13531036,19092704
13531041,19092709
13531092,19092760
13531093,19092761
13531095,19092763
13531096,19092764
13531477,18463625
13531513,19093186
13531761,19093436
13531766,19093441
13531786,19093461
13531794,19093469
13532212,56119
13533713,19095398
13533775,20525468
1353560,1343259
1353611,1343310
1353614,1343313
13536571,19098287
13536595,19098312
13537949,19100192
13538034,19100352
13538071,19100389
13538656,19101005
13538668,19101017
13538692,19101042
13538696,19101046
13538706,19101056
13538730,19101080
13538731,19101081
13538800,19101151
13538805,19101156
13538808,19186195
13538848,19101199
13538947,15414344
13538961,19101313
13539015,19101367
13539082,19101434
13539620,19102027
1354076,1343775
1354077,1353293
13540836,19103946
13540852,19103966
1354164,1343867
13542458,19106747
13542527,19106816
13542528,19106817
13542809,19107100
13543060,19107355
13543126,19107421
13543257,41107574
13543405,19107706
1354396,1344098
13544433,19109488
13544434,19109489
13544449,19109504
13544904,19109964
13545224,19110287
13545345,17381882
13545665,19110732
13546393,19111510
13546400,19111518
13546416,19111534
13546430,680304
13546433,19111551
13546436,18212328
1354656,1344372
13547081,19112215
13547083,19112217
13547099,19112233
13547151,19112225
13547152,19112288
13547218,19112356
13547231,19112371
13547235,19112375
13547251,20654384
13547289,19112429
13547394,19112534
13547474,19112614
13547501,19112641
13547510,19112650
13547522,19112662
1354759,2288046
1354760,3009732
1354761,3050762
13547802,17890804
13549292,19115265
13551662,19119362
13552760,19121249
13553362,19122327
13559812,19133554
13563097,19139146
13563669,19140180
135640,649853
1356529,1346253
1356616,1346340
13569075,19148011
13572083,19152629
13572904,19153860
13572905,19153861
13572908,19153864
13573507,19154490
1357371,6550887
13574415,19155816
1357471,1347200
13576013,19158286
13576316,19158802
1357930,10931
13580755,19165630
1358089,1347820
13581399,19166658
1358157,1347888
13584465,19171530
13584622,21849141
13584628,19171713
13584654,19171739
13584655,19171740
13584689,19171774
13584764,19171849
13584765,19171850
13584766,19171851
13585698,19172933
13585703,19172939
13585707,19172943
13585725,19172963
13585750,19172991
13585752,19172993
13586254,19173545
13586270,19173561
13586747,19174095
13586750,19174098
13586751,19174099
13586753,19174101
13586755,19174103
13586798,21823525
13586799,19174147
13586902,19174250
13586905,19174253
13586908,19174256
13586914,19174262
13586915,19174263
13586916,19174264
13587155,19174507
13587909,19177519
13588082,19175480
13588155,19175553
13588160,19175558
13588381,19175783
13588382,19175784
13588388,19175790
13588399,19175801
13588400,19068295
13588401,19175803
13588406,19175808
13588407,19175809
13588420,19175822
13588435,19175844
13588442,19175851
13588572,19175983
1358858,965847
13589114,19176606
13589118,19176610
13589132,19176625
13589170,19176663
13589175,19176668
13589185,19176679
13589728,19177305
13590614,19178600
13590675,19178661
13591004,19179013
13591147,19179180
13591148,19179181
13591149,19179182
13591153,19179186
13591155,19179188
13591157,19179190
13591159,19179192
13591160,19179193
13591172,19179206
13591173,19179207
13591193,19179227
13591210,19179244
13591213,19179247
13591242,19179277
13591296,19179331
1359156,1348923
13591670,19179742
13591674,19179746
13591679,19179751
1359200,1348967
13592095,19180178
13592096,19180179
13592115,19180198
13592379,19180463
13592392,19180479
13592396,19180483
13592599,19180708
13592760,19180870
1359314,1349081
1359315,3106881
13593636,45976405
13593674,19181832
13593725,19181885
13593744,19181905
13594586,2543234
13595022,19183555
13595647,19184212
13595655,19184225
13595656,19184226
13595657,19184227
13598213,19188667
13598351,19188924
1360081,1349856
1360323,1683157
13606660,1993810
13607373,19203262
13608205,544452
13609181,19206207
13609199,19206234
13609206,19206242
13609563,19206926
13610203,19208030
13610447,1358908
1361150,218134
136140,131199
1361407,1351193
13614644,19215220
13614650,19215231
13614653,19215237
13614657,19215243
13614659,19215246
13614670,19215266
13617210,19219498
13617970,19220809
136189,131247
13623719,19072745
13623735,18384908
13623755,19227497
13623767,19227511
13623795,19227542
13623842,19227590
13623846,19227594
13623860,19227608
13623866,19227614
13623899,19122327
13623930,19227678
13623946,19227694
13623948,18182894
13624065,19227664
13624073,19227822
13624074,19227822
13624106,19227856
13624110,19227862
13624190,19227949
13624194,19227953
13624195,19227954
13624232,19228017
13624295,19228105
13624682,19228699
1362489,441825
13627277,19232909
136276,14125394
13631640,19240164
13633002,19242514
13633558,19243502
13634369,19244795
13635571,40174491
1363586,721529
1363590,2885446
1363629,1389046
1363829,1705522
13641433,19256347
13642245,19257274
13642501,19257741
13642528,19201122
13642590,19257830
13642591,19257831
13642600,19257840
13642602,19257842
13642609,19257849
13642646,19257886
13642772,19258015
13647910,19266515
13649932,19046193
136508,2993500
136538,2180358
1365401,1355224
1365438,2046111
1365825,2441080
1365859,3004288
1365871,1917698
13660,1897383
1366182,1356008
1366191,1356017
1366192,1356018
1366286,1356112
13664,3398501
1366662,1356489
136672,131713
1366730,50097321
136675,131716
136676,131717
136678,131719
1366989,1260690
1367800,1357630
1367805,1357635
1367807,1357637
1367808,1357638
1367809,1357639
1367827,1357657
1368973,1358810
1369005,1258632
1369106,745489
1369258,2681802
1369276,1359117
1369347,1924307
136943,131977
1369474,2470925
1369982,2475078
137003,132036
13700632,19321568
1370139,1359983
1370209,1360053
1370244,341267
1370300,1360144
137045,2477566
1370646,1360495
137074,40771742
137075,1409219
1371275,3041006
1371276,1984987
1371962,1361826
13722228,19355057
13722312,19355145
13722313,19355146
13722314,19355147
13722317,19355150
13722321,21709666
13722322,19355155
1372657,1362528
137299,708860
1373178,1363055
1373307,575600
1373511,1363393
13740825,19374247
1374112,1363998
1374587,194486
1374590,671428
1374613,23731151
137469,132495
137491,17525611
1375522,1365422
1376076,2815476
1376583,1366501
1376818,1897720
1376828,3327855
1377211,1367141
1377298,1032875
13773009,19406741
13773190,19406922
13773936,19407672
13773937,20497487
13773938,20497490
1377435,341457
1377462,1367396
137747,132769
1377515,1802977
1378657,1368596
1378962,2402163
13789630,19423490
13790745,19424616
13790759,19424630
1379125,1369066
1379250,1369191
13792593,19426469
13792594,19426470
137947,3057022
137953,132973
137954,132974
1379541,2324536
137956,1007333
137959,2211420
137960,132980
13796998,19431320
13797,1715097
13797001,19431323
13797002,19431324
13797007,19431329
13797011,19431333
13797016,19431338
13797018,19431340
13797027,19431349
13797036,19431358
1380117,1404170
138019,133038
138020,2841471
138047,2568657
138053,3351011
1380635,3916524
138067,3041897
138068,480171
138069,133087
138070,133088
138116,1334950
138117,830277
13812628,19447109
138128,658437
138129,1334955
138130,133146
138131,1334839
138132,1335011
1381691,1371658
1381824,106948
138207,1366740
1382477,1372467
1382830,2302767
1382905,995924
138294,44180947
1382964,1781098
1383019,1781099
1383071,762229
1383112,1507668
1383127,1194799
1383130,511517
1383143,1373145
1383151,1373153
1383154,1373157
1383235,1467301
13843,859144
13844,15959
138480,133485
138481,133486
138507,41124790
138514,40836008
138516,45102362
1385222,1375259
1386245,1376299
138643,2003498
1386481,1376536
138654,133644
1386650,2347064
1386675,1376738
1387252,1567967
1387598,1948940
138796,133783
138798,133785
1388519,1378591
1389259,3009814
1389416,1379500
138951,623576
138959,2884160
139086,2997785
1390916,1381038
1391101,1215581
1391529,1381656
1391726,1381859
139208,277330
139226,1053139
1392352,1382490
1392428,1389026
1393881,1384022
1393883,1384024
1393976,2848426
13940,16044
1394477,829638
1394572,3244521
13946,2526181
139463,3264295
1395126,1385277
139515,1950759
139523,134495
13954,1287995
1395749,1385909
1396111,1386278
139656,134622
1398340,1388516
1398498,1388674
1398847,1510831
1398850,1185534
1398864,3022713
1398867,1389045
1399103,1389287
139985,43862943
139987,2535765
140006,134972
1400446,1390635
1400637,1390828
1400961,2673794
1401164,1391357
1401165,1391358
1401206,1391399
140130,135093
140131,135094
140133,135096
1401766,1391969
140181,2015914
140185,135140
1401859,1392062
1401863,1080273
1401873,1392076
140225,3349054
140227,3349054
1402332,1392540
140263,505935
140268,135203
140285,42798839
1403149,1393368
1404078,244691
1404930,1395161
1405439,1395676
14059802,19696243
1406157,1396396
1406164,1955195
1406168,1396407
14063,16147
1406507,1396748
1406682,1132
14067,1182560
1407200,1397455
1407442,1397700
1408039,1398313
1409982,1400283
1410014,1400316
1410104,1400407
141019,135917
141020,39902273
141022,1013837
141023,135921
1410498,1400801
1410640,1761417
1410641,1761418
14116,16199
14117,16200
1411790,1402113
14118,16201
1412427,1402758
1412929,1403265
1412973,1403309
1412990,1403326
141315,20450386
1413318,1779240
1413319,1401152
1413320,3274035
1413465,1403807
1413526,1403868
1413530,1403872
1414244,1404587
1414607,1404951
1415024,1405369
1415025,1405370
1415026,1405371
1415161,1405510
1415494,1405846
1416319,1406680
1416356,1406718
141639,1384549
1416759,783146
1417442,463035
141745,1137049
1417528,1407899
14177,16255
1417813,1408185
1418614,1408988
1418767,1409142
1418816,2055816
1418826,1640528
1418834,2055818
141910,1760649
141929,136892
141930,26535688
141931,136894
141934,692608
141935,136898
141936,136899
1419890,1410292
1420078,1410485
1420096,1410503
1420103,1410510
1420250,1410657
142033,25542572
1420743,1647943
142086,1159
142092,137045
142094,137047
1421919,1412344
1422107,1412533
142214,137164
1422149,1412576
1422217,1412645
142227,137177
1422646,2652264
142271,137221
1422884,48205296
1422926,1413359
1423073,21858997
1424020,408381
1425134,200784
1425766,1416219
1426190,1416651
1426406,1416886
1426454,1416935
1426727,422351
1427030,1417517
1427547,1418037
142778,137725
1428365,1418858
14288484,20477496
1429569,487584
14296648,19938381
14305349,19947126
143056,137991
143058,137993
1430660,1421171
1430728,1421240
143126,2099329
1431464,2406305
14315698,19955864
1431862,261903
143211,138146
1432512,1968812
1432516,1423051
14335,16381
1434171,2194622
14342572,19245974
14342591,19984504
14342594,19984506
1434624,1425172
1434923,1425476
1434997,362258
1435007,1026657
1435597,1426152
1435598,1426153
14358834,20000774
1436020,4639714
14361541,20647451
14361548,20003493
14361553,20003497
14361645,20003589
1436581,945340
14366,3215136
14367,3215136
14367038,20008989
143717,448620
143719,138643
14372447,20014406
143728,1479402
143729,138653
143731,138655
143743,138667
143765,138689
1438436,1429016
1438634,2035815
1439096,353504
1439349,1429939
143981,3050738
143982,138905
143984,138907
143988,43821337
1440008,1430615
144004,1676151
144006,575461
144013,1255322
144016,138938
144026,138948
144029,138951
14403,1952010
144030,138952
144031,138953
144032,138954
144041,138963
1441284,1715191
1441687,1932796
1441688,2806985
1442055,1432682
144258,139180
1442646,2500044
1442955,1433595
1442959,1433599
1442968,1433608
1443017,1433657
14431277,20073344
14431278,20073345
14431280,20073347
14431284,20073351
14431285,20073352
14431301,20073368
14431306,20073373
14432990,20075083
14434796,20076900
1443663,1434313
1444338,1435006
14447302,20089678
14447305,18111402
14454669,20097083
14454726,20097140
14454755,20097169
14454757,20097171
14459565,20102007
14463272,21652859
1446449,1490162
1446475,2669166
1446476,1437175
1447163,1437865
14472,16506
14473,2642260
14475,3316050
14477,16511
14479,888915
14480,888928
14481,1508836
1448670,1439387
1448738,1439455
1449388,1440110
1449468,1440190
144974,1602074
144980,1602074
144982,1602074
1450037,21473813
1450682,933852
1450716,2543234
1450920,1441658
1450969,1313599
1451708,869799
1451816,960909
1451973,1442718
1452004,1442749
1452286,1443032
1452374,1443120
1453138,1113619
1453205,1443957
145325,140228
145342,140245
145382,802336
145383,802358
145384,457903
145385,802138
145386,140287
145388,200698
1454108,1444869
1455149,1445920
145518,2891461
145523,140422
1455332,1446104
14553484,20196191
14553564,20196272
14553583,20196290
14553588,20196295
14553643,20196350
14553673,20196380
14553820,20196528
14553849,20196555
1455621,1446393
1455945,1446724
1456320,1447099
145637,140535
1456733,40048096
14570,2905864
1457071,1447860
1457644,2501636
1457771,24164121
1458868,1449689
145918,1399509
14603113,20245886
1462228,875838
1462236,1453100
1462246,1453110
1462329,1453199
1462487,1384549
146364,141250
1464412,1455310
1464811,1455712
1464812,1455741
1464813,1994927
1464814,1455743
1464831,1994926
1464832,1455733
1464838,3249040
14652,13568719
14653,16676
14654,16677
14655,2804952
14656,1965193
14658,16681
14659,659225
14660,16683
1466360,439721
1466494,1457401
146656,141538
146665,870803
146679,1059246
1466832,1457742
1467083,632606
1467718,1458638
1469346,2462483
146966,141844
1469822,1460767
1470176,2856953
147021,43821337
1470245,530403
1470272,1174365
147029,141909
1470671,1461629
1470673,1461631
147110,190583
1471178,1462138
1471181,1462141
1471525,1462492
147253,142114
1472754,2440274
147290,142149
1473366,1464347
1473470,1464456
1473757,1749221
14738335,20383857
1474196,1465202
1474329,1372902
14757077,20406217
14758540,20407715
14758671,20407850
14758733,20407915
14758779,20407964
14758803,20407988
14759306,20408827
1476378,401454
147647,142488
147716,725104
1477176,2056462
147732,142568
1477466,1468514
14781139,20434207
14781192,20434262
14781201,20434271
1478198,1469251
1478464,1469514
147849,3050804
1479055,712947
1479288,22035060
147980,142810
147984,142814
1479939,1471006
1479944,1662371
1480594,1471681
14806965,20460344
1481376,1472481
14814495,20467964
14814650,20468119
1481898,1473011
14820709,20474226
14820772,20474290
14820856,20474374
14820884,20474403
148234,143052
14823452,20477459
14823462,20477463
14823534,20477508
14823541,20477078
14823558,20477524
14823562,57999394
14823564,20477101
14823568,20477537
14823888,20477432
14823914,20477459
14823919,20477463
14823946,20477490
14823951,20477496
14823958,20477500
1482396,2221278
14823969,20477513
14823974,20477516
14823980,20477524
14823982,20477526
14824030,20477576
14830109,20483975
14830168,20483780
14830653,20484273
14832579,20486203
14833485,20487112
14833523,20487150
14833639,20487267
14833672,20487299
1483772,1474924
1484149,1475308
1484306,120966
14843796,20497480
14843803,20497487
14843872,20497556
14843878,20497562
1484419,1475577
148468,913922
1484848,1476009
14849604,20503297
14849687,20503380
14849780,20503473
14849788,20503481
14849791,20503484
148532,872268
1486061,1477238
1486114,1477293
1487007,1478193
148707,143519
14871750,20525474
14871777,20525501
148768,1600823
1487686,1972938
148782,2344153
1487909,1479123
1488194,1479410
1488204,1479420
1488224,1479440
1488298,2041459
14883914,20537659
148849,2180358
1488788,1480015
14891502,20545266
1489313,1480547
1489339,4432325
14901632,20555813
1490257,401618
1490854,2006739
1491184,26833
1491573,1482840
1492444,1483724
1492554,1353418
1492600,1483880
1492622,1483902
1492896,822151
14929433,20583685
14930149,20584414
14930225,20584490
14930399,21524557
14930726,20584997
14931376,20585658
14931656,20585942
14931724,20586010
14933505,20587797
14933584,20587877
14937350,20591684
1493919,1485223
1494179,1485483
1494397,1485704
1494461,1485768
1494466,1485773
1494473,1485780
1494507,1485814
1494512,1485819
1494599,565218
149477,2029589
149478,3014191
1494945,1486260
14949973,20604394
14949980,20604401
14949989,20604410
14950021,20604442
14950024,20604446
14950029,20604450
14950031,20604452
14950043,20604464
149522,144309
1495348,1486674
149543,839504
14955390,20609835
1495551,41269305
1495641,1486979
1496343,2762820
1497640,1489008
1497887,21527162
1498767,224615
1498823,1490213
1498847,1490237
1499225,1490619
1499228,1490622
14992908,20647460
14992918,20647470
14992936,20647487
14992943,20647494
14992948,20647499
14992964,20647515
1499469,1358908
149960,1440952
14999562,20654114
14999564,21524471
14999720,20654274
14999726,20654280
14999826,20654380
14999830,25331262
15000046,21869227
15000059,18017935
15000104,20654658
15000109,20654662
15000123,20654678
15000125,20654680
15000136,20654692
15000142,20654697
15000144,20654700
15000148,20654703
15000149,20654704
15000152,20654707
1500209,10428038
150036,1973926
150037,324576
150041,144815
150054,1069597
1501056,1492482
1501474,1492902
15015618,20670183
15015619,20670184
150217,144985
1502479,2408145
150260,145028
1502899,1494354
1503075,1494532
1503731,2693296
1504399,1495875
15044304,20698945
1504511,1495987
1504513,1495989
1504769,1496252
1505513,40080429
1505525,1497020
1505994,1497496
15062332,20717043
15062334,20717045
15062342,20717053
150679,843424
150683,765155
1507001,1498528
1507552,44775
1507598,1499151
1507968,1499526
150806,145553
1508063,1499622
15085,2400388
150857,145600
150859,1156798
150985,190541
150987,145717
1510555,1502163
1511525,1503150
1512245,390947
1513638,2666907
1513688,1505355
1513769,1505438
1513770,14318602
1513773,1505442
15138370,20793483
151427,2980840
1514335,1506015
1514451,1506131
1514692,3231118
1515142,6270894
1515502,2698443
1515950,465130
1516002,861775
1516135,1507858
1516137,1507860
1516172,2992044
1516173,2992049
1516175,2992047
1516177,2992046
1516179,1507902
1516181,1507904
1516183,1507906
1516184,1507907
1516451,1508178
15168,17076
151774,146494
1518109,3123164
1518623,1510398
1518666,1510441
15188964,20844282
1519357,1511155
1519358,532322
1519478,1511276
1519624,1511422
1520041,1511847
1520738,1512552
15210479,13270952
1521277,1513096
1521497,1513341
1522371,1514223
152262,6573252
1522682,2703015
1522690,1514549
1522901,1514763
1522905,527851
1523434,2454981
152380,2768848
152381,2740729
152382,1575718
152383,2816254
152384,1917752
152385,2146276
152387,2768848
1524805,1516715
152499,147189
1525010,120982
1525091,1473495
1525703,1517641
1525768,1517706
1526192,3264295
1526197,1518138
1526402,1359271
1527002,1518959
1527062,1519017
1527100,1519056
1527121,1519077
1527123,1519079
1527152,1519108
1527164,307629
1527165,1519121
1527166,1519122
1527185,2221278
1527187,2610070
1527197,2221278
1527311,1519270
1527401,1519361
1527403,2791031
1527411,1519371
1527413,1519380
1527414,1519374
152886,147573
1529373,3088312
153032,1909151
1530799,2729079
153135,147817
153158,2669199
153165,3247058
153166,2399308
153168,1113806
1534314,1770066
1534317,2506784
1534655,1526766
1534851,1069597
1535111,1527227
1535257,1527376
1535258,1527377
153540,31274
153542,1069773
153545,148222
1535635,1249788
153642,1763730
1537221,67039
1537833,1529979
1538417,1530573
153849,1358908
153850,1358908
153853,38424
1538565,1530720
153862,2158784
153865,1368691
153866,207481
153867,148506
153868,2243268
153869,148508
1539387,1531546
1539785,1531961
1540218,2737544
1540959,1533163
15409705,21065910
1542872,3829365
1542897,1535122
154422,149044
1544564,1969171
1544662,1877723
1544715,462383
1545238,1537520
154578,3166552
154581,149200
154583,149202
1548188,1540517
1548482,1540817
1548560,1540898
1548611,915031
1548750,1541093
1548752,1541095
154927,2984942
1550378,1542738
155105,3316052
155106,1096604
155107,2219006
1551204,1543569
1551205,1543570
1551206,1543571
1551207,1543572
1551208,1543573
1551211,1543576
155130,149742
1551701,1544079
1553666,1546097
1553884,1546320
1553896,1546332
1553928,1546366
1553937,1546375
1553941,1546379
1553942,1546380
1553960,1546398
1554152,1546593
1554786,1547239
1554931,1547384
1555727,1548192
1556032,1548500
1556084,1548552
155618,150182
1557200,1549683
1557202,1549685
1557203,2222669
1557364,1549857
155770,150308
155773,150311
155774,150312
1558232,678022
1558401,1550904
1558414,1550917
1558824,1358908
1559996,3077944
1560209,848317
1560789,1553329
1561086,1553631
1561178,614222
156171,496267
15618,17462
1561949,535289
1563413,1555975
156347,1468658
1564848,1557429
1565825,1227018
15660,17495
156620,151140
1566413,1559008
1566644,1559244
1567122,1559751
15673,226002
156770,2991406
156806,42168766
156808,151320
156809,151321
156810,765823
156812,151324
156813,1725637
156814,151326
156865,2563888
1568695,1561353
156884,601897
1568973,2368752
156970,151480
156979,151491
156980,151491
156984,151494
156986,151496
156996,3030647
157001,151511
15700750,45962572
15701778,21361721
157051,151558
157052,151559
157053,151560
15710450,21376614
15720195,21392785
15720202,21392794
15720259,21392879
15720261,21392883
15721084,21394173
15721666,21395143
15723963,21399135
1572416,135404
1572492,1987190
15726219,21430714
15727792,21405742
1573398,1566113
157380,640276
1574182,680304
1574192,1566911
157435,175489
1574434,3897683
15745695,21435492
1574686,1567413
15747406,21439063
15747582,21439488
15748663,21441168
15751206,21445435
15752655,6619622
1575317,1568048
1575453,1568189
157551,152037
1575562,1568299
1575947,1568684
1575948,1568685
15759998,21459715
15760530,21460545
15760546,888927
15760559,21460590
157626,2052472
157634,1811997
157640,152126
15766602,19228496
15766776,21471584
15767100,19158060
15768811,21475181
15768832,21475235
15769311,21476092
1577053,1569801
1577147,1569897
1577264,1570017
1577317,359289
15774013,21484300
15778384,21491705
15778408,21491744
15779,1215581
15779715,21494151
157799,1154792
15780,2363503
15780279,21495195
15780914,21496361
15781107,21496653
15781175,6735446
15782,17602
15782881,21499626
15782899,21499659
15783444,21500564
1578417,443043
15785,3966309
157881,152367
157882,3144748
1578941,3017026
15790099,21511374
15790839,16646067
15790852,21512407
15790869,21512424
15790874,21512429
15790897,21512452
15790898,21512453
15791044,21512624
15791050,21512630
15791057,21512637
15791063,21512643
15791101,21512681
15791427,21512990
15792386,795575
15792466,21514342
15792467,21514343
15792559,21514447
15792560,21514448
15792842,21514785
15792845,21514788
15792846,21514789
15792855,21514798
15792865,21514808
15792869,19929488
15793136,21515100
1579314,1572109
15793215,21515179
15793506,21515480
15793545,21515519
15794580,17973574
15796740,21519579
15796742,21519581
15796751,21519591
15796901,856203
15796928,1313599
15797709,19121249
15797765,21520669
15797936,21520850
15797937,21520851
15797978,21520892
15798080,21520997
15798116,21521034
15798129,21521047
15798647,21521588
15798648,21521589
15798649,20406156
15798651,21521592
15798653,21521594
15798655,21521596
15798656,21521597
15798657,21521598
15798661,21521602
15798665,21521606
15798666,21521607
15798678,21521619
15798681,21521622
15798684,21521625
15798702,21521644
15798724,21521667
15798725,21521668
15798731,21521674
15798737,12477077
15798739,21521682
15798752,21689940
15798754,21521697
15798851,21521794
15799012,21521967
15799013,21521968
15799016,21689935
15799158,21522123
15799159,21522130
15799165,21522130
15799182,26323838
157993,2180358
15800805,19112429
15801115,21524471
15801150,21524511
15801384,21524750
15801704,21525091
15802450,21525854
15802452,21525856
15802511,21525916
15802651,21526060
15802794,21526203
15803417,1993810
15805183,21529104
15805898,21529964
15807678,21532183
15808082,21532687
15809619,21534302
15809623,21534306
15809662,21534345
15809664,21534347
15809670,21534353
15812145,21537427
15812146,21537428
15812147,21537429
15812149,21537431
15812151,21537433
15812153,21537435
15812157,21537439
15812160,21537442
15812171,21537453
15812172,21537454
15812174,21537456
15812182,21537464
15812188,21537470
15812189,21537471
15812192,21594677
15812197,21537479
15812199,21537481
15812200,21537482
15812201,21537483
15812202,21537484
15812203,21537485
15812318,21537604
15812329,21537615
15812344,21537630
15812347,21537633
15812539,21537867
15812770,21538121
15812834,1015554
15814389,21540824
15814395,21540830
15814402,21540837
15814405,21540840
15814408,21540843
15814436,21540871
15814439,21540874
15814449,21540884
15814452,21540887
15814465,21540900
15814466,21540901
15814467,2180358
15814471,21540907
15814472,21540908
15814475,21540911
15814477,21540913
15814492,21540928
15814494,21540930
15814495,21540931
15814500,21540936
15814746,21541203
15815400,21541897
15815410,21541907
15815420,21541917
15815424,21541921
15815433,21541930
15815945,16319487
15817030,21543807
15817043,21543820
15817092,21543870
15817094,21543872
158176,2102721
158178,2172527
158179,754445
158180,699837
15818015,21545613
15818046,21545648
15818081,21545688
15818082,21471368
15818083,21545690
15818127,21545733
15818130,21460613
15818184,21545790
15818208,21545816
15818216,15546655
15818222,21372255
15818240,21545849
15818242,21545851
15818260,21406842
15818288,21545899
15818339,21545952
15818449,21546068
15818450,21546068
15818453,21546072
15818470,21546090
1581851,1574699
15818577,21546215
15818579,21546220
15818605,21546283
15818864,24379510
15819268,21548280
1582037,1574892
15821063,21550112
1582114,1574970
1582182,1575040
1582244,1575103
1582282,1575141
1582317,1575176
15823466,19257593
1582384,1575243
1582449,1575309
1582506,1575366
1582507,1687791
1582512,2454992
1582518,2682420
1582523,1575384
158254,2002049
1582795,2166793
15828287,21584946
15828330,21561640
15829755,21563925
15829758,21563928
1583032,1575896
15832726,21568814
15832953,21569104
15838236,21577602
1583878,1576760
15841027,21582536
15841899,21583909
15841901,21832864
15841903,21583914
15841908,21583919
15841909,20555862
15841932,21583943
15841933,21583944
15841939,21583950
15842622,21584889
15842623,21584890
15842627,21584894
15842628,21584895
15842629,21584896
15842655,18704583
15842661,21584928
15842672,21584939
15842678,21889599
15843038,21585321
15843090,21585375
15843170,21585455
15843286,21585576
15843287,17890804
15843291,21585581
15843326,21585617
15843328,21585619
15843330,21585621
15843432,21585724
15843449,21585741
15844279,2375385
15844405,21587202
15844413,21587216
15844571,21587470
15845431,21588827
15845828,21589646
1584709,1577603
1584736,1588456
158479,573507
15848896,21594668
15849479,21594677
15849503,21595664
1584978,575461
15851414,21598599
15852511,21600209
1585346,1578256
1585660,2324690
1585949,1578863
1585990,1800725
15861457,21611226
158615,153091
1586422,1579340
158656,1299604
1586679,1579598
1586780,644761
15874573,21625071
1587634,3349054
1587686,1059917
158821,2231335
1588556,1850459
158857,1359546
1588716,19166853
1588798,1581763
158930,777763
158931,1574892
158954,153421
158955,3342552
15895567,21646383
15895750,21646573
15895752,21646575
15895987,2685281
1589635,1582624
1589904,1582894
158992,877355
159017,153483
15902029,21652860
1590482,1583484
159056,153522
159061,153526
1591450,1584466
1592075,984829
15921359,21671497
15923994,21674447
15924007,24934188
15924010,21674463
15924017,43862954
1592486,355618
15925932,21676473
15926769,21677364
15926774,21471584
15926775,21677370
15927528,21678200
15927530,21678202
15927541,21678214
15927545,21678218
15927547,21678220
15927550,21678223
15927564,22655263
15929137,21679893
15929140,21679896
15929144,21679900
15929160,21679916
15929165,21679921
159294,153751
15937099,21687975
15937101,21687977
15937102,21687978
15937103,21687979
15937104,21687980
15937105,21687981
15937109,21687985
15937111,21687987
15937112,21687988
15937126,21688003
15937128,21688005
15937129,21688006
15937781,21688667
15938307,21689200
15938466,21689362
15938467,21689363
15938468,21689364
15938471,21689367
15938472,21689368
15938475,21689371
15939010,21689944
15942645,21693865
15942646,21693866
15942655,21693875
15942671,21693891
15943369,21694608
15943407,21694646
159443,153894
15944406,19206674
15944407,22508510
15944408,21695673
15944409,21695675
15944567,19955775
15944570,21695863
15944571,21695864
15944573,21695866
15945612,1993810
15945848,21697208
15945853,21697213
15945864,22508862
15945882,21697242
15945902,21697262
15947418,21698772
15947585,21698941
15953250,21704713
15953252,21704715
15953258,21704721
15953630,21705134
15953631,21705135
15953632,21705136
15953633,21705137
1595656,1742456
15956802,21708357
1595710,3035582
15957109,21708665
15957120,21708676
15958182,21709750
1595860,1993810
159589,518536
1595946,2904017
1596064,1589160
159628,1094148
159632,154073
159633,154074
1596541,1045583
159666,154105
1597144,2992071
1597447,1590617
15980000,21731906
15981677,21734489
15981716,21734528
1598278,1591456
1598504,1591686
1598515,3036058
1598575,1591759
1598598,1591782
1598656,1591840
1598658,1591842
1598670,1591855
15988899,21744145
15988912,21744165
15989343,21744781
1598960,768804
15991959,21748688
1599377,1592569
15996141,21755308
16000350,21761530
16000379,21761559
16000384,21761564
16000413,21761593
16000463,21761643
16000753,21762158
16002003,21763959
16002006,21763962
16002008,21763964
16002018,21763974
16002050,21764007
16005214,21769458
160057,771583
1601127,1594357
1601214,1594445
160192,1845013
160193,2458530
160196,928243
1602311,1595555
16029151,40174491
1602943,1596221
16030659,22957698
16030686,21800344
16030691,21800349
160322,3010382
16032630,21803486
16033587,21804717
16033615,21804748
16035343,21807788
1603923,1597219
16043605,21820864
16043606,21820865
16043607,21820866
16043628,21820887
16043629,21820888
16043631,21820890
16043635,21820894
16043644,21820903
16043647,21820906
16043867,21821265
1604437,1597739
16044950,21823163
16045047,21823263
1604703,2024835
16050896,21833555
16050957,1358908
16051078,4639714
1605199,544452
16052012,26323812
1605250,1598564
1605383,1598697
16054808,21839952
1605575,1598891
16056901,21842792
16056902,21842793
16056903,21842794
16056904,21842795
16056905,21842796
16057347,21843259
16057348,21843260
1605740,1599060
16057517,21843429
16057518,483114
16057519,21843431
16057547,21843459
16057548,21843460
16057549,21843461
16057929,21844099
16059316,21846070
16059319,21846073
16059320,21846074
16059330,21846084
16059377,21846136
16059382,21846141
16059388,21846147
16059398,21846158
16059463,21846225
160605,2046493
160613,1151
160621,1346790
160623,155037
160629,1544060
160632,1683189
160633,1532444
160634,1165356
160636,1683171
160637,1165374
160640,1156
16064347,21854428
16064673,3252320
16065371,21855979
16065378,21855987
16065380,21855992
16065572,21856213
16065656,21856389
16065722,21856368
16065727,21856373
16065728,21856374
16065924,21856660
16070132,21863286
16071969,19206674
1607211,1600631
1607229,1600655
1607247,1600673
1607252,1600679
1607259,1600686
1607266,1600710
1607302,1600729
16073069,21867307
16074339,21869241
16074488,21869431
16074630,21869241
16074733,21525854
16074743,21869427
16074748,21525091
16074814,21869823
16074843,18368047
16074959,21869483
16075922,21871379
16075933,21871390
16075937,21871394
16075938,21871395
16075954,21871411
16075955,21871412
16075956,21871413
16076062,21871589
16076063,21871590
16078976,18462024
1608083,1601558
16082904,6196181
16083236,19246256
16085210,2933942
16085217,3327855
16085235,4132
16085376,2884161
16085490,21887263
16085497,21887270
16085498,21887271
16085499,21887272
16085511,21887284
16085539,21887312
16087002,21889592
16087093,21889683
16089515,21892953
16090487,21894682
16091349,21896164
160943,645566
1609645,542340
1609810,1603396
16098162,21906996
1609825,1603411
16098778,21908061
160988,190629
1609885,1603471
1610057,98895
16100979,21911273
16100983,21911277
16100986,21911280
16100989,21911281
16100990,21911284
16101011,21911312
16101012,21911313
16101016,21911317
16101018,21911319
16101019,21911320
16101027,21911328
16101035,21911336
16101042,21911343
16101044,21911345
16101047,21911348
16101066,21911367
16101067,21911368
16101078,1993810
16101079,2056462
16101081,21911382
16101083,21911384
16101085,21911386
16101086,21911387
16101088,21911389
16101106,21911407
16101107,21911408
16101115,1358908
16101120,21911421
16101131,21911432
16101142,21911443
16101167,21911468
16101173,21911474
16102236,21912521
16104419,19112375
1610457,1604067
1610490,1604103
1610506,1604119
1610612,1604230
16108383,21922032
16109187,21923243
161099,870671
16110942,19008874
16112527,3186437
16113590,21930209
16113709,21930329
1611410,1605093
16115298,21932767
16115439,21932908
16115639,21933114
16117340,21935416
1611810,1605506
1611887,1605584
1612161,1605870
16126609,21950367
16131020,21594668
16131058,16550024
16131068,21956603
16131069,21956604
16131913,21957738
16132671,21958985
16135121,19074097
16136087,21964417
1613635,1607447
16137404,21966441
16142135,27208502
16143358,1000219
16143695,21976574
16143698,21976581
16145223,21978223
16145230,21978232
16145237,21978242
16145244,21978249
16145269,21978279
16145276,21978294
16145286,21978308
16145639,17958988
16145672,21978846
1614684,1608538
16149106,3043272
1614959,1608815
16150611,21986528
16152082,21989058
16153575,3462747
161553,155919
1615600,2736849
16156212,21995634
16156324,21995766
16158180,21998581
16160632,22002080
161653,1003334
161654,156019
16165529,1099715
161656,903484
16166128,22010672
1617009,1610890
16171091,22018508
16171343,22018797
16171828,15554388
16172613,22020609
16173186,22021493
16173194,22021501
16174916,22024432
16177415,22028041
16178724,22030315
161788,202999
1618162,1612050
161888,1597432
16189431,22102129
16190380,22108552
16190476,22109004
16190477,22109005
16190496,22109029
16190501,22109034
16190504,22109037
16190509,22109042
161914,2962436
16192203,22112145
16192204,22112146
16192207,22112149
16192208,22112150
16192209,22112151
16192605,22113008
16192608,21709750
16192846,22114124
16193192,21674351
1619434,1613351
1619520,1613439
1619662,1784447
16199264,52268857
16200166,22138131
16200167,22138132
1620078,1614008
162061,156415
162064,156418
1621010,1614969
162225,2119932
162236,2128312
162249,25786697
16225459,22208803
16230,17988
16231152,22223188
16231153,44777579
16240309,22245601
16240735,22246580
16240743,22246589
16240757,22246603
16241873,22254608
16241874,22254609
1624581,1618596
162469,156819
16247759,22276228
16248050,22276893
16248086,22276931
16248096,22276941
16248101,22276946
16248110,22276955
16248116,24934182
16248143,22276990
16248155,22277002
16248188,22277038
16249586,22290339
16250677,22291730
16250895,22292059
16250901,22292079
16250904,22292082
16250907,22292090
16250908,22292091
16250924,22292135
16250926,30279940
162544,156892
16255131,22298133
1625742,6141076
1626753,1620806
1626836,3024276
16268948,22314518
16269853,2361348
1627006,1621065
162717,157065
162718,157066
162720,157067
16276859,22375009
16276869,22375019
16276871,22375021
16276878,22375028
16276880,22375030
16276881,22375031
16276887,22375037
16276965,22375311
16276966,22375312
16276967,22375313
16277436,22376197
16277437,22376198
16278030,22377264
16279808,22380827
16280062,22381431
16280078,22381448
16280127,22381498
16280883,22382609
16280884,22382610
16280885,22382611
16280909,22382635
16280916,22382642
16280926,22382652
16281018,22382773
1628260,1358908
16285053,22400269
1628627,3142620
16290033,22416745
16290038,22416750
16290040,22416752
16291612,22418521
16291616,22418525
16291617,22418526
16291620,22418529
1629218,1623328
162981,2180358
16299093,22427394
16300601,22430067
1632250,1626437
163358,53393
1633594,1136741
163360,157694
163465,1258731
163486,3360339
163497,3360339
163500,3278726
1635042,41615076
163508,157842
16353908,22508510
1635760,1629989
1635763,1629992
163657,157989
1636746,2023581
163716,8752
1638080,1632383
1638760,1633066
1638761,1633067
1639408,1633722
1639493,1633809
163979,2363908
1640001,1634326
164150,158469
164153,158472
1641754,1636090
164221,2737544
164238,1617085
164297,158615
1643201,1637571
1644387,1638787
1645031,26630550
1645041,55759970
164531,2880113
164532,158849
164539,2237401
164542,3022662
164545,2666632
16467,18162
16468,1782584
1648097,1642563
1648132,1314369
1648540,1161931
164881,159194
1649017,152366
1649021,1993810
1649041,671846
165068,159378
1651093,1645639
165208,159511
1652718,1647295
165305,1950759
1653358,1647941
1653359,1647942
1653636,1648228
1653655,1648247
1654487,46179953
165522,159814
1655274,1649906
1656258,1650923
1658143,1652850
165834,160124
1658408,4432325
1658680,1653406
1658689,1653415
1658690,1653416
1658694,1653420
1658696,1653422
1658704,1653430
16589813,22792900
1659013,1653742
1659070,1653801
1660203,1654964
1660305,1655068
1660484,1655249
1660558,1655324
1660638,1655403
1660641,2514653
1660707,1887897
1661382,1656169
1661390,1656177
1661506,1656307
1662494,1221206
1662509,1221209
1662510,1657329
1662815,1657637
1663596,3186437
1664194,1659046
166463,160747
1664788,848319
1664792,1433601
16650021,2884161
16650265,22856762
16650266,22856763
16650268,22856765
16650269,22856766
1665280,1660149
1665656,769688
166601,160881
1666050,496223
16667646,22875405
16667794,22875619
16667896,22875741
16667932,22875791
1666816,1661700
1666823,1127600
16668399,22876379
16668928,3159194
16669120,22878614
16669263,22878804
16669264,22878805
16669332,46893857
16669333,2375385
16670130,23543454
1667213,1089104
1667260,2740633
1667355,1662242
166753,1995904
16675411,27685331
1668180,1663088
16685922,22902066
1668934,1663867
16690078,22907656
16691206,21856375
16692,2964446
16694559,22914195
16700536,24224867
16702384,22935165
167045,161314
1670602,1665565
167110,2706730
167136,161400
167150,558497
16718342,22957699
16718344,18662087
16719809,22960121
16719810,22960121
1673293,1668305
1673294,1668306
1673618,1668632
1674500,1669522
1674502,1669524
1675326,1998683
1677179,1672264
1677183,1672268
1677537,1672628
1677750,1672856
1679417,1675676
1679707,1675970
1679884,401608
1680397,1676908
1680823,1677347
1681325,1677904
168404,162626
1685192,1681812
1685396,1941059
1685433,1682062
1685472,1682101
1686230,1682888
168696,3078724
1687878,1684682
1687884,1684688
1688185,1684990
1688606,1685418
1689153,2485286
169004,163205
169137,1242972
1691409,1688263
169147,163344
1692524,1689439
1692607,4688890
1693449,1690374
1693617,736980
169413,3823662
169427,843040
169442,163619
169443,163620
169444,614773
169456,903559
169457,244404
169460,23748763
169496,163672
1695091,1692030
169587,163762
1696081,1720258
16963,18603
1697554,1694535
169838,806134
1698384,1695381
1699427,1696441
1699433,1696448
1699435,1696450
169960,164113
1700727,1697761
1701105,1698148
1701438,1698484
170164,164312
170176,524445
1703186,1700253
17032326,23348931
17039868,23357803
17039869,23357803
17043027,23361239
170461,2206327
170500,164640
170502,2293027
17055449,23381402
170603,1059917
170607,3349054
170610,1993810
17061099,23397968
170614,164746
17061551,23398721
170626,824446
1706343,1703501
1706360,1703518
17063688,23401803
17063690,27692373
17066041,21585321
170668,105046
170674,1249788
17071967,23422054
17072245,23422338
17072246,23422339
17072248,23422341
17072249,23422342
17072250,23422343
1707267,1704433
17074049,23424695
17074068,23424714
1707990,1186596
1708000,2394502
17080054,23448185
1708012,1705181
17080312,23448494
17080408,23448709
17080432,23448737
17082833,23451493
17084470,23453516
17085733,23456821
17085735,23456823
17087223,23458439
1709300,1706499
1709339,1706538
1709849,1707057
1709850,1707058
1709851,2252893
1709863,1707071
1709864,1707072
1709865,2947735
1709870,1707078
1711427,1708647
1711669,1937533
17119446,23504310
17119852,16319487
17122146,23507560
17122147,23507561
17122808,23508308
171230,1850574
17124735,23510880
17125934,23512204
17130398,23527962
17133521,23535148
17137829,23539939
17138136,23540289
17138137,23540290
17140105,23542673
17140549,23543205
171458,2303724
1714795,2617009
1714822,1712116
171556,2615068
17160901,23585748
17162145,23587622
17162415,23587939
17164725,23591261
17165875,23592662
17165882,23592669
17165888,23592675
17165891,23592678
17165899,23592686
17165909,23670307
17165923,23592710
17165929,23592716
17165937,23592724
17165940,23592727
17165942,23592729
17165952,23592739
17165972,23592759
17166337,23593147
17166339,23593149
17166733,23593701
1716675,1713995
17167929,23595288
17167951,23595321
17167955,23595325
17168234,23595634
17168568,23596322
17168570,23596324
17168572,23596326
1716912,1714236
17170326,23598187
17170393,23598257
17170395,23598259
17170729,23598648
17170730,23598649
1717123,806831
1717142,296631
17172310,46022931
1717287,1714615
1717290,1714618
1717742,1715073
1717775,1051919
1717784,202905
1717806,1715137
1717849,1715180
1717855,3035958
1717856,2324679
1717864,771289
17182019,23628938
17185549,23634627
1718866,484402
17190361,23642512
1719190,1716536
1719256,1716602
17196138,23670039
17196512,23670473
17196750,23670841
17197652,23672094
17197792,23672279
17197795,23672282
17197796,23672283
17198179,45962572
17199268,23674013
17199269,23674014
17203352,17441265
17204314,23681770
17204644,23682361
17205127,21392870
17206921,23686035
17214300,23697963
17214301,23697964
17214312,23697975
17214317,19148873
17220234,23717530
17220236,23717532
17220621,23717969
17222209,23722183
17222277,23722320
17230,933516
172327,1168344
1723287,1720682
172332,1168377
17237246,23756956
17237249,23756959
17238358,2765786
17239036,23765769
17239212,23766055
17239243,23766087
17241344,23780331
17242185,2379261
17242186,1015554
17242187,866909
17242189,105046
17242190,1249788
17242192,44775
17242193,2765786
17242445,23798631
17242446,23798632
17243952,23800250
17243953,23800251
17244279,23800846
17244280,23800847
17245526,23802646
17245740,23802965
17245741,23802966
17245773,21869278
1724634,1722040
17257686,23852037
1725873,41358718
1726000,1723422
1726007,1723429
17261135,23857231
17261146,23857241
17261153,23857248
17261162,23857256
17261165,23857260
17261177,23857273
17261180,23857276
17261182,23857278
17261188,23857284
1726150,1723574
17262247,23859047
17262248,23859048
17262249,23859049
17262289,23859089
17262290,23859090
17262291,23859091
17262292,23859092
17262293,23859093
17262295,23859095
17262296,21694505
17262305,23859105
17262307,23859107
17262311,23859111
17262339,23859139
17262340,23859140
17262348,23859148
17262349,23859149
17262350,23859150
17262360,23859160
17262362,23859162
17262377,23859177
17262382,23859182
17262528,23859334
17262584,23859390
17262609,23859415
17262662,23859468
17262669,23859475
17262775,23859581
17262791,23859597
17262824,23859630
17262825,23859631
17263567,23860633
17264478,23862191
17264646,16536239
17265248,23863254
17265254,23863260
17265255,23863261
17265257,23863263
17265260,23863266
17265269,23863275
17265271,23863277
1726737,1724173
17267936,23878386
17267939,23878390
17267940,23878391
17267941,23878392
17267943,23878394
17269359,23881591
17269360,23881592
17269361,23881593
17270319,23882608
17270333,23882623
17272258,23884840
17272452,23885081
172758,166842
17276287,23889179
172774,3200423
17280735,23896398
17286720,23906781
17286735,23906796
17286757,23906821
17286758,23906821
17286789,19214097
17286806,23906869
17287023,23907095
1728744,1726198
17288674,23909860
17288686,46073389
17288690,23909876
17288691,23909877
17288710,19177512
17290220,23912365
17290222,23912367
17290226,23912371
17290240,23912385
17290256,23912401
17290261,19260249
17290279,23912425
17290288,23912434
17290555,23912742
17296693,23931855
17297086,23932379
17297673,23933187
17297732,23933301
17299263,23952167
17304305,23962053
17306736,23966390
17308183,18463625
17312082,23975983
17316587,23984820
17316588,23984821
17318511,23987574
17318565,23987630
17318573,23987638
17318595,23987660
17318648,23987715
17318678,23987745
17318705,23987773
17320133,24016659
17320985,24017647
17321667,24018642
17323651,24020886
17323655,24020890
17323660,25331105
17324133,24021580
17326713,24024251
17328673,24026601
1733106,3343345
17331262,24034540
17331409,24034691
17331434,24034717
17332219,24035845
17332239,24035873
17332435,24036111
17332526,24036273
173331,167414
17333246,24064550
17333265,24064569
17333268,24064572
17333275,24064579
17333343,25005013
17333990,24065448
17334013,24065479
17334024,24065491
17334103,24065580
17334155,23540289
17334158,24065652
17334242,24065580
17334271,24065797
17334388,24065546
17334392,24065931
17334406,21598956
17334419,24065960
17334484,24066025
17334520,24066066
17334574,24065652
17334578,24065560
17336384,23765769
1734007,2180358
17343389,24081403
17343390,24081404
17343393,24081407
17343399,24081414
17343409,21694608
17345277,24084477
1734663,1732152
17347066,21803233
17347345,24087543
17347419,24087622
17347551,24087760
17347630,24087875
17347639,24087884
17347644,24087889
17347648,24087893
17347649,24087894
17347652,24087897
17347671,24087916
17347674,24087919
17349000,24090025
17349054,24090095
17349055,24034540
17349095,24090148
17349098,24090151
17349109,24090162
17349124,24034563
17349147,24034758
17349153,18495143
17349160,24090226
17349161,24090227
17349194,24090262
17349203,23686035
17349277,24090350
17349332,16536239
17350347,24091763
17350491,24065797
17350555,24092209
17350556,24092210
17351019,24093052
17351024,24093057
17351025,24093058
17352297,24094588
17352906,24095595
17352907,24095596
17355334,24098437
1736203,1733748
1736449,1733997
1736450,1733998
17364570,24034750
1736479,1734028
17364833,24129409
17364849,24129425
17364851,24129427
17364929,24129836
17364930,24129837
17364931,24129838
173654,167734
17365790,24131510
17365793,24131513
17366003,24131726
1736624,288836
17367509,24134135
17367510,24134136
17368237,24152385
17369219,24153852
1737205,1734756
17375340,23684401
17376583,24166623
17377287,24168119
1737791,113746
17380062,24172969
173811,167888
17381863,24175817
17381963,24175945
17381965,24175947
17381985,24175967
17381986,24175968
1738395,1735963
17383984,24034717
17383992,24182136
173935,168013
173938,168016
173940,168018
1739582,1737178
1739644,3013504
17396718,24219157
17398722,24221275
17398961,24221538
174014,168088
1740224,1737833
17405203,24243228
17406530,19206674
174088,1035578
17408995,24250692
174090,168161
17410571,21839952
17412694,24258015
17412763,24258118
17412869,24258015
1741322,3215136
17414520,24265573
17414681,24265767
17415174,1015554
17416082,24268101
17416493,24268609
17416510,24268632
17428645,24284976
17428659,24285000
17428679,24285025
174328,1222651
174329,168394
17434591,24291662
1743853,1666819
1743904,1741566
1744764,1742433
1745128,1742798
17454722,24344847
17454736,21589646
17454738,24344865
17454741,24344868
17457013,24349082
17457587,24350148
17461,847402
17464922,24361623
17465330,24362039
17465333,24362042
17465335,24362044
17465440,24362181
17465447,24362188
17465477,24362218
17465481,24362222
17465600,24362341
17465702,24362451
17465764,24362515
17465834,24362585
1746724,1744422
17468,4639714
1746831,1744529
17469,4639714
17469927,24378009
17469947,24378038
17469953,24378044
17471113,24380108
17471114,24380109
17471722,24380771
17472548,24381763
17472551,24381766
17477,19034
1747725,1745437
1747760,1745472
17478,6478850
17479,2153371
17480,19037
17481,19047
17483,544404
17484,19041
17485,19042
1748611,1746348
17487,1075882
1748723,1746462
17488,6474909
17490,19047
17491,310727
17492,1598982
17493,1076054
17494,1514463
17495,1353428
17496,1389014
17497,19054
17498,1572443
1749940,1747725
1750410,1748203
175089,2601776
1750969,1748768
17514,1483880
1751409,1749211
1751410,1749212
1751440,1749242
175166,169217
17518,19075
175184,169235
175203,2964544
175222,169273
17525,25190525
175261,868263
17529,1063767
1753144,2970966
17533,2080617
1753335,1751157
1753393,3244376
1753395,3257147
175345,169389
17534524,13380504
175348,15655188
1753720,1751555
175422,169465
17544,270056
17548,45038606
175529,169572
17553757,24466547
17554,46014585
17555089,51998601
17555090,24468373
17555125,24468427
1755694,1753554
1755739,810506
17557451,24484415
17557452,24484416
1755825,824446
17568631,24506084
17568811,24993633
17570173,24509022
1757048,1754920
1757051,1754923
17570550,24509697
17570923,24510482
17571527,24511270
17572438,24512417
17572474,24512453
17572580,24512561
17572620,49952166
17572818,15840282
17572857,24512852
17572873,24512868
17572879,24512874
17573558,24513623
17575074,24515263
17580,4132
17581,19135
175824,535113
17586501,24526793
1758694,2937115
17586989,24527418
17586991,24527420
17586992,24527421
17587000,24527429
175892,2255339
1759011,1756915
17591765,24532691
1759836,121016
175985,140535
175986,141844
17600,19154
17605474,24561543
17605479,24561548
17605482,24561551
17605484,24561553
17605485,24561554
1761212,1759181
17612709,24575068
17612710,25369278
17612756,24575119
17612880,24575257
17612917,24575297
17612952,24575334
1761580,1254748
17620991,24587832
17624006,24595305
1762447,1760427
17625083,24596598
176284,851131
1763142,1761140
1763233,3390913
176327,1142385
1763529,1761536
1763596,1761610
1763693,1761708
17638313,21676473
17641500,24617025
1764366,979062
176441,170472
176447,6861986
17653933,24630775
17655209,24632941
176556,170583
1765655,1763706
176581,170649
176584,170611
17658592,24646750
176587,170614
1765915,1763971
1765917,3010841
17659588,24647830
17659592,24647834
176598,170625
176605,170632
17660671,24650457
17661642,24652196
17662116,24652956
176626,2412510
17663231,24654999
17664401,24656799
17664889,24657643
1766539,1764615
1766564,1764640
17665646,24659224
176657,170683
17666672,18462151
176675,170699
1767134,1765223
17671887,24670874
176729,170751
17675087,24678822
17675187,24678923
17675379,24679116
17675397,24679134
17675478,24679215
1767779,1970335
17679377,24696402
17679551,24696598
17679552,24018642
17679553,24696600
1768153,1766279
17683798,24702724
17684772,24704748
17684972,24705503
176921,868263
17693844,891152
1769580,237478
176972,15777985
17701,2041436
1770225,1768372
17704933,24752747
17706518,24755701
17706566,24755776
17718079,24783028
17718081,24783030
17718088,24783037
17720790,24786480
17720973,24786909
17722,2375385
17722973,24790180
17723,2375385
177246,856582
17733897,24809908
17733898,21986528
1773650,1771858
1773713,1771921
177397,198778
177461,46798604
1775411,2152020
1775413,1773749
1775426,1773762
1775553,1773897
17758805,23686035
1776588,1775084
177676,171637
177678,171639
177680,171641
1776811,843487
1777074,1775735
17773504,24859796
17773762,24860081
17777988,24864525
1777906,2749175
17780825,24867668
17780848,24867690
17780857,24867699
17780858,24867700
17780863,24867705
1778400,1777093
17784206,24871253
17784207,24871254
17784208,24871255
17784209,24871256
17785997,24873412
17789010,24879573
17792806,24887317
17797250,24895577
17797290,24895619
17797344,1603647
17797375,24895704
17797385,24895714
1780124,1778872
17802191,24903701
17802727,21594677
1780278,2889655
17802786,24904411
17803326,24905237
1780734,2111172
178153,1331217
178157,2211674
17815781,24920121
178159,428250
178160,172102
1781775,3040991
1781809,1780637
17818385,24923285
17818386,24923286
17822789,24931548
178233,1679789
17824624,24934182
17824630,24934188
1782811,2443291
17830294,24945404
178406,172346
17841479,24968813
17841525,24968986
17841538,24969002
17841553,24969026
17841562,24969044
17841563,24969045
17842025,24969734
17842028,24969737
17842042,24969762
17845803,24976630
17845805,24976632
17845829,18462054
17846011,24976916
17847127,24978467
1785289,1784168
17853139,24990075
17854648,24993314
178557,172497
17857393,18639496
17861166,25005822
17862378,25009059
1786469,1785361
1786535,267087
1786639,1785533
17869211,25017443
17870102,24922168
17870103,25018488
1787029,1785928
1787031,1785930
1787052,1785951
1787085,1785984
17870871,25019408
17870874,25019411
1787259,1786161
178760,172699
1788118,1787045
17883943,57999288
17883977,25047091
17884063,25047197
17884207,4121
17894259,25051623
178948,1997872
178955,2410258
17899264,23686035
17899385,25073430
17899628,25073786
17899639,25073797
17899644,25073803
17899645,25073804
17899648,25073807
1790213,3012925
179062,172991
179063,172992
17910533,25096134
17910570,25096188
17911723,1366740
1792236,721112
1792246,1791227
17925579,26323812
179266,173190
179271,1442740
17930108,25132642
1793141,2106062
17934432,25142294
17934636,25142526
17938427,25816291
17938496,25150050
179406,173328
17940785,25152863
17945717,25158409
17945718,25158410
17950432,25166520
17950433,25166521
17950434,25166522
17950436,25166524
17950470,25166670
17950473,25166673
17950476,25166676
17950478,25166678
17950498,25166698
1795353,1794384
1795615,1794658
179565,21430714
179579,3193139
1796328,1795395
1796355,1795422
179639,1038552
179668,2269930
179669,18175487
1797057,1796136
17974445,23686035
1797727,1796818
17978074,25206577
17978079,25206582
17978135,25206643
17978136,25206643
17978148,25206655
17978178,25206685
17978561,25207198
1797925,1797021
17979741,25209364
17979752,25209388
17980967,25211750
17981403,25212271
17981404,25212272
17981405,25212273
17981412,25212280
17981422,25212290
17981448,25212275
17981452,25212320
17981456,25212324
1798546,1797653
17986452,25222371
17986453,25222372
17986454,25222373
17986456,25222375
17986846,25222772
17987500,25223480
17987502,25223482
17987503,25223483
17990161,24755701
18000298,25259895
1800224,810506
1800287,592333
180039,323586
18005,1878218
18005275,25270045
18005280,21854428
18006,19484
18007549,25273822
18007639,25273961
1800779,1799932
18008,19486
18009,19487
1801072,2161988
18012413,25282431
18012466,25282501
18012467,25282502
18012469,25282504
18012680,25282750
18012685,25282755
18012686,25282756
18014426,25284811
18014736,25285187
1801618,1800793
1801939,1801122
1803431,687988
18038594,25310747
18042148,25317712
1804703,1803933
18048914,25331100
18048933,25331121
18048973,25331177
18048987,25331191
18048988,25017443
18049013,25331227
18049044,25331262
18049049,25331267
18049082,25331312
18051033,25334406
18051130,25331176
18051137,25331308
18051146,3464264
18051199,25331191
18051238,25334682
18051269,25334735
18051299,25331100
18051310,25331189
18051355,25334834
18052851,25337512
18053136,25337823
18053786,25338957
18054026,25339412
18054027,25339413
180563,1384549
180584,2295957
180586,24164130
180590,24164128
180591,24176918
180593,24164160
180596,24176920
180597,24337735
180604,174503
18060916,14615333
180616,21888943
180617,2685281
1806174,1805440
1806178,1805444
1806179,1805445
180625,174525
180645,448607
1806689,1805968
1806908,1806193
180703,1679786
18070659,25369165
1807213,844162
1807216,2178624
1807231,1806520
180724,174624
18073799,1061285
1807390,1806681
18077826,25384224
18077827,25384226
18077933,25384355
18077969,23905201
18077970,25384394
1807842,3323991
18079481,25386772
18079483,25386774
18079500,25386791
18079557,25386848
18079564,17350374
18079596,24068971
18079600,25386891
18079601,25386892
18079709,55548884
18079712,21938396
18079718,25387011
18079754,25387050
18079791,25387087
18079812,25387110
18079865,25387170
18085412,25396043
18085429,25404414
18085430,25396061
18085439,25396071
18085446,25396077
18085452,25337558
18085471,25396105
18085483,25396118
18089921,22190023
18089942,21548171
18090005,25337555
18090023,25404468
18090037,25404483
18090043,25404490
18090126,25404583
1809465,3025815
1809949,1809280
18100241,21705134
18103018,25420010
18104774,25423417
18106361,25426624
181077,2029501
181087,2056440
181131,880534
18114126,25441356
18114217,25441449
18114530,25441781
18114539,25441793
18114551,25441805
18114559,25441813
18114564,25441818
1811581,1810934
18118585,25448897
18118587,25448899
18118591,25448904
18118592,25448905
1811861,1909218
18118638,25448959
18119450,21839952
1811975,1811341
18122693,25453400
18122695,25453403
18122696,25453404
18122869,25453610
1812500,1811873
18125102,25456155
181254,1994913
1812559,1811931
1812604,1811977
1812605,2811464
1812634,1811993
1813009,1812386
18131632,50321919
18132,3349054
181333,45962572
18134,19597
18134617,25474275
1813520,1812917
1813679,2985140
1813683,2985127
1813685,1813086
181372,175254
181396,175277
181397,175278
181398,1669596
181399,175280
181400,175281
181401,448509
18142362,25489033
18142364,25489035
18142376,25489059
18142377,25489061
18142381,25489065
18142384,25489068
18142385,25489069
18142390,25489075
18142392,25489077
18142393,23889179
18143297,25490463
18143322,25490488
18148193,25500742
1814850,26472871
1814889,58106633
18149041,25501819
18149042,25501820
18149045,25501824
18153928,25508558
18153931,25508561
18153932,25508562
18154105,25508796
18154580,16134014
18154581,25509368
18154838,25509700
181598,175479
181601,573440
18160307,25519760
18162257,25523679
18162731,25524892
18166918,25533117
18166919,25533118
18166922,25533121
18166926,25533125
18166929,25533128
18166930,25533129
18166931,25533130
18166933,25533132
18166937,25533136
18166939,24094313
18166940,25533139
18166958,25533157
18166960,25533159
18167034,25533248
18167596,25533948
18168480,25535586
181696,175575
1816960,1816481
18176428,18462014
181770,175644
181775,175649
18179386,25559465
18181573,25562095
1818248,17441265
18183382,25564103
18183598,23690871
18184327,25565733
18184334,25565740
18184350,25565758
18187690,25580276
18190201,25592610
18197197,25607411
18197253,25607507
18197337,25607609
18197342,25607614
18197344,25607616
18197378,25607657
18197398,25607682
18197477,25607794
18197480,25607797
1819766,1819339
18197806,25608188
181987,175858
18198714,25609288
1820085,1819661
18209331,25630105
18209394,25630182
18209399,25630187
18209400,25630188
18209401,25630189
18209404,25630192
18209405,25630193
18209408,25630196
18209418,25630206
18209421,25630209
18209495,25630300
18209507,25630318
18209535,25630353
182099,175970
1821115,2685281
18211273,25632834
18212600,25635467
182154,176025
18222555,25656182
18222556,25656183
18222557,25656184
18222564,25656191
18222690,25656355
18222703,25656368
18222709,27801914
18222716,25656381
18222719,25656384
18222726,25656391
18222727,25656392
18222765,25656430
18222766,25656431
18222864,24650457
18225017,25659587
18225019,25659590
18225021,25659590
18225037,25659610
18226525,25661646
18226528,25661649
18226529,25661650
18228244,1786153
18228245,1786152
18228483,25664410
18228566,25664510
18229558,25665781
18230829,25667305
1823349,3464264
1823433,3057002
1823530,1823223
182372,601895
182373,176240
18240306,25684899
1824804,1824524
18249402,25702723
18249428,25702749
18249447,25702768
182510,3337796
182605,176462
1826207,132038
18263464,25723108
18263465,25723109
18263466,25723110
18263527,25723175
18263528,25723176
18267069,25727833
18269507,25731243
1826993,1826768
18274298,25741429
18274646,25742112
18289482,19188924
1829030,1889837
1829031,749560
18290477,25771312
18290480,25771317
1829115,1828920
18291781,25772910
1829215,1829024
18295821,25778595
18295840,25778619
18295854,25778634
18296026,25778912
18296033,25778919
18296043,25778929
18296049,25778935
18296068,25778956
18296077,25474610
18296079,25778967
18296086,25778974
18296091,25778979
18298747,25784488
18300245,25787194
18300246,25787195
1830162,1830008
18305128,25797334
1830570,1830422
1830583,1830435
1830605,3085142
1830874,1830729
183101,176948
183102,2054006
183103,1045868
183104,1268740
183105,176952
183106,1042858
183107,1045980
183108,1045923
183109,176984
183110,1045451
18311014,25808968
183113,176960
18311374,25809466
183114,1045583
183115,472339
18311516,25809628
183116,176963
183117,780294
183118,1045469
183119,176966
183120,176967
183121,176968
183126,2801485
183132,176979
183133,176980
183134,176981
183135,1045594
183137,176984
183138,1958852
183139,1045594
1831392,1575332
183140,1045468
183141,632686
183142,1268740
183143,1045645
183145,1045473
183146,1045451
183147,176994
183148,176995
183149,176996
183150,176997
183151,176998
18315128,25813433
18315282,25813599
183153,1958837
183154,177001
1831541,1831412
183155,301266
183156,2743236
183159,177006
18316207,25814695
183163,1045923
183166,177007
183167,177014
18317569,57998804
18318005,25816682
18318638,25817321
18318641,25817324
18318644,25817327
18319626,25818450
18319632,25818456
1832332,1832238
18323744,25866110
18323745,25866111
18323749,25866115
18323750,25866116
1832560,1832466
183276,177123
183278,177122
18330596,25875378
1833502,1833438
18339694,25893054
18339696,25893056
18339706,25420010
18339935,25893303
18339936,25893304
18342010,43212035
18342452,25897786
183436,1889837
183438,6774591
1834543,1834493
1834649,1834607
183476,177313
18349512,25946504
18349884,25947111
18349886,25947115
18349887,25947116
18349888,25947118
18350721,25948090
18350722,25948091
18350733,25948102
18350797,25948250
18351542,3464264
18351788,25949696
183524,2218998
183525,177361
183526,933983
18352657,25950680
18352658,25950681
1835313,644171
1835316,1835288
1835323,1835295
1835341,1169140
1835342,2325965
1835350,1835322
18353964,25952217
18355417,25953772
18355418,25953773
18355419,25953774
18355420,25953775
18357772,25956311
18357775,25956314
1835814,1835800
1835829,1329309
18360155,25959756
18360156,25959757
18360157,25959758
18365305,21406842
183657,2583
183658,654675
183659,177492
183661,1178772
1836982,1836994
18371461,25981577
18371567,25981736
18371588,25981757
18371589,25981758
1837299,2768287
183731,177563
183732,177564
183738,2897312
183742,177574
1837571,1837613
18377674,25993452
18377948,25993795
18377951,25993796
1837826,1837868
1837843,1837885
18378703,25994627
18378810,25994745
18378819,16684845
18378828,25994767
18378833,25994772
18378913,25994862
1837900,1837946
1837972,1838019
18381477,25997579
1838166,3328784
18381841,25998028
18383325,25999683
183836,24176906
18393324,26016931
1839455,356146
1839462,1839655
18395220,26020071
18395222,26020073
183995,1180165
18399584,26029041
183999,2813799
18402247,26034909
184032,829869
18404354,26038222
18404411,26038301
18404413,42743310
18404417,4864952
18405479,26040352
18405481,26040354
18405483,26040356
18405502,26040375
18405514,26040387
18405519,26040392
18405521,26040394
18405522,26040395
18405567,3356623
18406155,26041262
18406701,26041814
18406732,26041845
18406836,26041950
18406841,26041955
1840743,1840959
18419,265988
18427388,26064757
18430245,26071834
18431749,26073982
18431751,26073984
18431753,26073986
18431755,26073988
18431863,26074110
18432074,26074364
18432325,26074715
1843999,1844279
18442176,26085267
18445091,26088809
1844606,1844892
1844736,1845023
1845104,1845401
18453111,26098026
18453190,26098181
18453193,26098184
18453202,26098193
18453210,26098202
18455467,26102522
1845823,1846136
1846075,1846392
18465502,26123475
18465513,26123486
18465525,26123499
18465535,26123510
18465539,26123515
18465555,26123532
18465557,26123534
18465558,26123535
18465600,26123578
18465631,26123620
18465633,26123622
1846659,1846979
18473765,26140896
18473766,26140897
18474002,26141229
18474005,24575119
18475594,26869543
18475599,26143585
184760,178578
18482437,26158475
18486,19892
18490515,26174228
18490592,26174311
18490605,26174324
18490658,26174378
18490729,26174449
18490812,26174582
18490815,26174585
18490816,23898900
18490817,21694870
18490876,26174663
18490990,26174801
18492590,26177391
18492632,26177433
185053,1738595
18508004,26201441
1850959,1851459
18509851,26203652
18510235,26204131
18510237,26204134
18511407,26205658
1851166,1851668
1851459,29082917
1851469,19168485
1851575,974070
1852,3252320
1852198,201876
18525704,26230430
18525705,26230431
18527476,26232929
18527492,26232950
18527499,26232957
18527500,26232958
18527504,26232962
18527505,25132642
18527975,26233607
18528005,26233638
1853,2670100
185350,1390931
1853629,1854184
1853787,1854343
1854611,694066
18552623,26280285
18554,3042204
18554220,26282000
18554221,26282001
18554222,26282002
18554571,26282414
18554572,26282415
18554574,26282417
18554575,26282418
18554632,26282493
18554633,26282494
18554640,26282501
18554642,26282503
1855936,19164859
1856156,1856756
18564,1140732
18565401,26295724
18565483,26295812
18565484,26295813
1856723,1857332
1856837,1823100
18570357,26301325
1857495,1858114
1857593,1858212
18576,2420412
18586252,40162055
18587065,24153852
18594345,26340743
18594423,26340822
18594446,26340845
18594497,26340896
18594516,26340863
18594550,26340949
18594577,21839952
1859506,1860158
18596164,26342813
1859843,1860498
18599643,26365807
18599852,26366052
18599869,26366073
18599891,26366095
18599919,26366123
18602549,18526582
18604519,26376013
18607199,26379234
18607226,26379269
1860778,2136253
18608006,26380270
1861037,1861712
186118,2677305
18615267,26390662
18615427,14804935
18622294,2180358
18628674,26419834
18632403,2617009
18634109,42904182
1863433,1864156
18635000,16536239
18635001,26431557
18635034,26366073
18635074,26431631
18635093,26431651
18635636,26432368
18635637,26432369
18635638,26432371
18635639,26432372
18635640,26432373
18635641,26432374
18636899,26433686
18636903,26433690
18636904,26433692
18637033,26433978
18637036,26433981
18637037,26433982
18637132,26434115
18637192,26434474
18637305,26434609
1863880,1864604
18639512,26437440
18640812,26439098
18640813,26439099
18641985,26440470
1864567,1865309
186457,1074142
18651967,26457954
18651969,26457958
18651970,26365928
18651977,26457968
18651985,26366094
18651986,26366095
18652323,2964446
18652536,2379261
1865264,1232811
18656185,26470946
18656193,26470954
18656207,26470974
1865735,3190835
186616,180390
18662100,24827399
18663791,26485753
1866440,3336121
1866725,1867492
18667778,26493441
18667815,26493478
18667875,26493538
18667878,26493541
18667904,26493567
18668051,26493715
18668067,26493731
18668476,26494183
18668524,26494251
18669071,1223124
18675250,26509848
18675253,26509851
18679445,25480882
18681065,26517978
18681509,55548884
18682725,173513
186834,1295782
18685287,26526427
18685963,1313599
18686933,894153
18688432,26532605
18689719,26534929
18689751,26534964
18689782,26535024
18689809,26535051
18689810,28158837
18689824,26535080
18691027,26537357
18692476,26540313
18693359,26541826
18693361,26541828
18693362,26541829
18693363,24249050
18693365,26541832
18693372,21708665
18693374,26541841
18693589,26542131
18693691,26542237
18693936,26542487
18699041,26552908
18699461,26553419
18700062,26554064
1870018,21948075
18701070,26555223
18701071,26555224
18701074,26555227
18701594,26555958
18701595,26555959
187038,180806
1870489,1871331
18706189,26562032
18706571,26562541
1870746,1813290
1871591,714349
18721218,26588821
18721816,2180358
187269,181025
187315,2452022
1873420,1874341
18736049,2880113
18736161,26612418
18736870,26613157
1873844,2119887
1873858,1874785
18738776,55548884
18742287,26621796
18743522,26624235
18744225,26625385
18751291,26638694
18753304,26642509
18754759,26645276
18756693,26649054
18756734,26649128
18756972,26649550
1875980,1876946
18760594,2543234
18762411,26660094
18762416,26660101
18763344,26661115
18764221,26662326
18764222,26662327
18764360,25963434
18764476,26662612
1876784,1784447
1876786,1784447
1876930,20410389
18769496,41353448
18769817,26670062
18769843,26672403
18769849,26672409
18769860,26672409
18769869,26668105
18769919,26672487
18772051,26675546
18772053,26675548
18772054,26675549
1877235,3186437
18772408,26676002
18774025,26678791
1877448,1878445
18778015,26685135
18778917,26686225
18782850,26696969
18782868,26696990
18788434,26702608
18788445,26702628
18788471,26702662
18789847,26704792
1879005,1880008
1879042,1880045
1879043,1880046
1879045,1880048
187939,181653
18795912,26718513
18811413,26746421
18811414,30827730
18812101,2543234
18812106,2543234
18812596,26748172
1881371,1882405
18814027,26753715
18815317,26755674
18815318,24575068
18815379,26645575
1881996,1883068
1882548,1883634
18836259,2736849
1883674,2462843
18847789,1015554
18848087,26792522
1884848,1886015
188485,1246264
18850832,26795831
18851166,26796216
18851247,26796312
188514,127027
18854615,26800915
18859266,17240757
18860,20213
1886107,3232120
1886108,3092181
18862,2895159
1886268,1887465
18866869,25051625
18867,20220
18868,20221
18870458,26869543
1887093,1888344
18871,20224
18874055,45607561
18874096,23909877
188798,182510
188804,182516
1888406,1597219
1888530,1889813
18888426,14523019
18889246,26893177
18892951,26897142
18893599,3260020
1889529,1890833
18898111,23909875
18901028,13122821
18901436,26906159
18902814,26907608
189097,1330924
189178,182877
189182,802423
1893400,1894858
18938091,26946000
18938107,26946016
18938108,26946017
18938115,26946025
18938124,26946034
1894032,1895504
189430,183129
189432,2333939
1894331,3317466
1894341,1895818
189441,183140
189442,2876460
189443,183142
189445,183144
1894570,1896075
18948490,2361568
18948492,795581
18948497,629213
1895844,1897380
1896380,1897948
189644,183341
18965271,26983072
18965273,26983074
18966220,26984305
18966345,26984438
18967185,26985361
18967200,26985377
18967213,26985390
18969290,26987749
18970643,26989117
1897142,330571
189715,183409
1897316,1898921
1897567,2162304
1897973,1060865
1898234,1899854
1898236,1899856
1898443,55548884
18984509,27004484
1900124,2047392
1900602,1902271
1901077,1902757
1901111,1951159
1901355,1903037
1901529,1903212
1902419,1904114
1902456,1904151
190343,184019
190344,1026679
1903668,1905402
190388,1770273
19040,2997173
19041,20354
19041158,2543234
19043,20356
1904744,1906509
190508,184180
19055104,1232182
190657,184326
190666,184335
190670,1839295
190672,184341
190674,184343
1907168,499516
1907305,666731
1907727,147817
1908511,1910398
19085562,27112723
190917,184584
190918,184585
190930,184597
190934,184601
190936,184603
190944,184611
190946,184613
190949,3477868
1909495,1911403
190957,184624
190968,184635
190986,1929488
190988,184655
191007,184674
1910094,2615068
1910120,1551368
191018,184685
191020,1037197
191062,184729
191064,184731
191074,184767
1910932,3228354
191097,184764
191113,884960
191117,184784
191128,886002
191139,2125304
191170,2292855
191204,184869
1912043,1913993
1912235,261584
19125,20423
191292,2180358
1912956,2992033
1912957,2992039
1913178,1915153
1913193,1915168
1913751,1915728
1913815,415283
1913891,1915871
1914046,1916049
19145465,1839649
19148128,17977128
19153609,27190488
19156005,27195534
19156006,27195536
19156898,27112723
1915739,356873
1916188,1918225
1916431,1918471
1917656,1919712
1917858,1919917
1918127,1920188
19182049,1329309
19186345,27228717
1918677,822084
1918681,200784
1918694,1920770
1918702,339327
1918706,1920782
1918815,2324731
1918836,1920913
1918938,258562
1920082,1922225
1920145,1922291
1920711,1922863
1921862,1924021
1922196,42057503
1922731,987048
1923104,1925270
192317,185960
1923264,2650652
19240090,27285626
19246477,27292346
1924846,1927052
1925058,1927272
192510,186149
1926652,160962
192686,186325
1926882,2420412
1928405,1930690
1928729,1931021
1929146,1931462
1929163,2056506
192975,186613
19300275,27349405
19301,21478983
19302,2056462
19302081,27351398
19303,767590
19304,903833
19306,19062086
1930676,1933027
19307,1316342
19308,2056451
193091,186729
1930911,1279206
193093,2324536
1931064,561807
19311,2059079
19312,2056484
19313,457321
19314,2056506
1931469,2879869
19315,49977798
19315142,27365486
19318,1554162
1931803,1934234
1931828,3197339
1931863,1934300
19319,976063
19321,644171
1932115,1934554
1932131,1934570
19321409,27129119
19324343,27380389
19326,20597
19330,1139913
19331,20600
1933121,3252980
19332,1139913
19336,2690022
19336132,27393565
19336877,27394544
19337,2096440
1933856,1936318
19346399,27614118
19346514,10330350
19346523,27406024
19347,21402395
19347298,27406929
19347715,27407418
19347724,9869118
19348455,27408476
19348456,27408477
1935086,2194918
19351490,46022931
19352778,27413331
19353809,27414876
19354683,27415837
1935511,1938023
19355360,27416598
1935691,1938206
19357,869325
193703,187331
19370891,27437157
1937339,1402758
19381632,27452550
1938528,2063796
1939029,1941600
1941283,1943883
19414,20654
19417,1107925
1942614,3304941
19428,20668
19429,20669
19430,20670
19431,20671
19432,1295255
19433,20673
19434,2814260
19435,1887285
19436,20676
1943618,1946251
19437,2814262
1945607,2324674
1945835,218135
1946,6582376
1946134,2237401
1947391,847402
194755,2410127
19478,20712
19479,2095122
19480623,27565426
1948120,1950950
1948298,1951132
1948319,1951153
1948366,1951201
194870,2286967
1949081,1951935
1949965,1952835
19500357,27614010
1950067,1952938
1950132,2208078
195090,188673
195093,1800493
1951720,1954616
19522846,27640332
19522886,27640375
19523450,25369322
19523455,27641060
19523456,27641060
19523478,27641074
19523480,27641075
19523746,27641336
19524462,27642111
195255,24164158
195257,24176923
19533195,27659826
19535135,27661633
19537217,27663450
195386,24164103
1953941,2765786
1954077,1015554
19542,3020535
1954205,1957140
195421,24337768
195423,24164143
19542845,27669927
19543,3020535
195431,24337734
195439,24176917
19546482,27677164
1954859,1920110
19553544,27685331
19561926,27690399
19565411,27692373
19591532,27709559
1959266,1962285
19599,20823
19600,259318
1960301,1963349
1960306,1963354
1960656,1963709
196092,189656
1961172,3062607
1961196,120943
1961221,1964290
1961313,105469
1961555,1964626
1961666,1964737
1961786,1964861
1962127,748381
196277,189834
196279,573151
196283,3014148
1963062,1966149
1963140,1094786
196408,888312
196481,190028
1965691,910848
1965832,1968968
1967067,1970229
1967071,1970233
1967283,1970444
196757,190304
1967767,1970933
1968171,39557
196827,800127
1969126,1972321
196923,190469
196924,190470
1969280,1972481
196936,190574
196939,190485
196940,190486
196941,2381555
196942,190538
196950,190496
196951,190519
196952,453322
196953,190499
196957,190539
196958,190504
196959,190505
196964,190510
196967,190573
196968,952400
196969,574015
196970,3043272
196974,2984982
1969860,1973067
1970298,233260
1970440,1973659
19704845,6230260
197081,919105
197084,1837885
1971206,1974437
1971517,1974753
1971533,1974769
1971579,1974815
1971580,1974816
1971581,1974817
1971584,1974820
1971585,1974821
1971586,1974822
1971587,1974823
1971596,1974832
1971599,1974835
1971729,1974971
1971731,1974973
1971737,1974979
1971738,1974980
1971742,1974984
1971744,1974986
1971750,1974992
1971751,1974993
1971753,1974995
1971756,1974998
1971793,1975035
1971810,1975052
1971812,1975054
1971819,1975061
1971827,1975069
1971830,1975072
1971831,1975073
1971834,1975076
1971836,1975078
1971838,1975080
1971853,1975095
1971860,1975102
19719334,19118061
197302,190844
197333,190875
1973573,1976840
1974277,1249788
1974284,1249788
197436,2029633
197437,190978
197438,1517345
197439,190980
197440,190981
197441,190982
197442,1155445
197443,3232327
197444,2657799
197445,1338339
197510,2774305
197511,216814
197512,184783
197513,191053
197515,191055
1975452,1978750
19755026,24065652
19755850,16550024
1976026,1979341
1977704,1509199
1977966,1981327
1978707,2412510
19792507,1168344
197928,191457
197998,1044256
1980209,770685
198021,175687
1980693,1449641
1981183,1984624
1981273,1984715
198132,191657
1981340,1194765
1981359,2999036
198165,1219668
1982063,46636116
198348,3114019
1983977,1987497
198451,63778
19848689,984147
1985586,1989132
198566,46902
1986156,1989706
1986173,1989722
1986297,55548884
198688,1077572
1987111,1990677
198718,809115
198719,192231
198722,1195173
198783,192295
198784,192296
198838,192348
1990191,1993844
199155,192658
1992608,1996300
1992758,1996452
199354,192853
19937186,1069597
199485,192980
1994912,1998649
199516,193011
199561,193056
199573,193068
1995907,653990
19960552,27917792
199617,2254094
199623,193117
1997146,2000922
199728,193219
19975692,1165972
1997721,2001500
199799,193286
199820,2265828
199822,193309
19983,1931660
1998529,2002332
199857,193344
199859,51422290
199870,2467312
1999025,33082
19996277,888312
1999660,2256869
19997285,19034
200107,2352721
200108,193591
2001134,2004986
20011917,27945172
200154,193637
20016898,44980799
2001715,2005569
20023412,27951223
200362,821853
2004357,2008257
2004636,2008546
2005839,2009767
2006756,2010691
20079860,1209957
2008173,2012173
200890,194368
200891,194369
200892,194370
200893,1836488
200894,194372
200900,2887181
200902,194380
200908,194386
200910,194388
200926,194404
200930,23635609
200940,194418
2009470,2013492
200963,1284559
201001,487189
201009,194486
2010359,2014413
201041,2666880
201051,194527
201126,1974395
201138,2876768
201139,194613
201140,194614
201143,194617
201145,2563528
201146,506009
201164,194638
2011708,2015910
2011737,2015939
2011833,2016036
201434,2647771
20148086,2361348
201502,1384549
2016388,2020682
2017062,2021367
20172134,27565426
201841,195288
2019206,305120
201979,452743
2020276,866909
202041,933522
2020602,2024991
2020665,2025057
2020961,2025363
2021121,2025524
2021122,51286
202224,195658
202229,195663
2022772,2027208
2022777,1215581
2022795,842981
2023394,2027862
2023524,2027993
2024173,41220196
20249296,1168377
2025080,2029589
2025135,708860
2025140,2494398
2025142,632895
2025150,2029654
2025176,401939
20256549,25369278
20256564,28068568
20256583,28068581
20256596,28068593
20256610,41596220
20256638,28068626
20256716,26421967
2025742,2030253
20262386,27614010
20262406,28095493
20262566,28098399
20262579,28098418
20262584,28098421
20262585,28098421
2027823,2032403
202845,196255
202923,196333
2029367,1806357
2029448,2034077
2029504,2034135
2029842,35155
20300223,28133934
20306799,28141270
20307024,28141570
20307476,28142085
20307785,28142427
2030968,1739594
20310639,28145436
203113,196523
20312870,3464264
203153,1829883
203154,2073102
203156,196566
203162,196572
203170,2016609
203173,2702026
203176,196586
203179,196589
203180,196590
20318197,28157625
203187,2203349
203206,3089723
203248,27309409
20325551,3025815
2032824,3464264
203286,1286394
20328993,1142385
2033230,2037936
2033648,2038377
20342489,24574599
20342510,28322719
20344513,28348967
20344544,28349003
20344767,28349702
20344921,28350397
20344954,28350496
20344994,28350678
20349657,28417768
2035272,2040050
2036634,1662372
2036647,1662407
2036659,2041454
2038007,2042811
2038010,2042814
2038020,2042824
2038033,1993810
20380941,28714817
20381983,28728862
2038450,2043303
20384951,28746640
2038605,1595522
203867,197262
2038677,2043530
20388087,28757235
20388100,28757525
20388806,28762105
203957,197352
2040173,2045055
2040624,1425825
204097,1854869
204101,2705242
204104,197497
204107,548686
2041178,2046070
2041188,2046081
20413,3077944
2042015,2062064
2042397,2047298
20424,21616
204281,197671
2042968,2481802
20430296,30318427
2043328,2048260
2044196,2049129
20452213,31832185
20452218,31832409
20454073,32009638
20454095,32010181
20454100,32010202
20454571,32039163
20454574,32039192
20454626,26032938
2046000,2050936
204734,627107
2047603,6127919
20484662,32647547
2048474,770667
20487364,32808723
2049070,2054006
204910,198297
204912,2297452
2049298,2394514
2049299,2054235
2049513,2054449
2049763,2054699
20497751,33913838
20498467,34036491
20499404,1369471
2049954,1113596
2049957,810278
2049969,2838434
20499930,34216476
2050036,2054972
20501795,34406471
2050417,2055353
205070,198456
205071,198457
2051483,2931019
2051485,2056478
20517524,36284676
2051854,2056876
20518799,36424153
20518801,36424160
20518804,36424173
20518812,36424190
20518841,36424396
20518873,36424618
20518878,25806259
20518879,23591261
20518891,36424822
20518906,36424954
20518910,36424974
20518917,36424988
20518948,36426085
20518956,36426131
20518967,36426160
20518968,36426162
20518974,36426320
20518978,36426334
20518989,36426379
20518999,36428491
205202,198587
205235,1517549
205243,198627
205276,1157414
205287,198677
205288,198672
205290,198674
205294,198688
205308,198692
20530933,23686035
20530943,37652339
20530944,31832409
205330,198687
20538995,37799987
2053988,2059142
20549410,37935248
20549412,37935344
20549420,37935771
20549422,21849161
20549427,37935790
20549446,37935832
20549471,37939726
2055132,2060302
2056078,2061257
205616,198990
2056185,511513
20561869,39290456
2056466,2061645
2056499,361092
20566436,39789300
205665,199039
205666,199040
205668,3234674
205672,1873924
205674,2419680
205677,2544112
205678,199052
205692,199066
205699,3234231
205701,1757548
205733,2219026
205737,199111
20575407,39843417
20575412,39843422
20575434,39843440
20578406,39846849
20578689,39847115
20578698,39847122
20578701,39847125
20578760,39847176
20578834,39847243
20578891,39847301
20578892,39847302
20578902,39847310
20578916,39847323
20578921,39847327
20578924,39847330
20578928,39847334
20578939,39847343
20578943,39847346
20578944,39847347
20578945,39847348
20578953,39847355
20578961,39847363
20578964,39847365
20578968,39847368
20578969,39847369
205821,1231594
205823,1231596
2058371,2063550
2058398,2063577
205864,954532
205866,199239
20587780,39857759
205951,2737756
205966,199336
20600202,39871871
20604366,39878079
2060510,2065703
2060548,2689797
2060655,2065848
20607437,39880926
20607655,39881272
206087,2666906
206090,199455
2061351,2066559
20613539,39894916
20613605,39894967
20613629,39894986
20613749,39895081
20613833,39895143
206161,55548884
2061632,2159621
2061657,688339
206180,933852
2062256,2067469
206244,2302789
20625034,39910722
20628555,39915481
20631173,39918895
20637129,39926480
2064991,2851344
2065038,2070255
2065124,760743
2065185,47241021
2065229,2569745
2065398,1225592
2066150,3080688
20662374,39961164
20662575,39961340
20662579,39961342
2066262,1279228
20663046,39961673
20663050,39961679
20663085,39961728
2066406,49190148
20665292,39963730
20665433,39963811
20665434,39963812
20670303,39967876
20670612,39968140
20673509,39971297
20674699,39972288
20674702,39972291
20674704,39972293
20674705,39972294
20674708,39972297
20675093,39972649
20675094,39972650
20675100,39972656
20687,715351
20689,21877
20690923,40008829
20691,21879
20691398,40009566
20691399,40009567
20691400,40009568
20692,1705170
20693,21881
20694,1705169
2069495,2074738
2069498,2074741
20695,21883
20695178,40014740
20696036,40015557
206962,894153
20696727,40016232
20697451,40016940
20697457,40016944
20697460,40016947
20697464,40016950
20701971,40021846
20701981,40021854
20701998,40021869
20702001,40021872
20702002,40021873
20702008,40021879
20702011,40021882
20702036,40021906
20702042,40021912
20702043,40021913
20702049,40021918
20702059,40021928
20702073,40021940
20702077,40021943
20702110,40021976
20702532,40022367
20702540,40022375
20702959,40022748
20706273,40026161
20706309,40026200
20706320,26476394
20706635,40026551
20706649,40026562
20706688,40026598
20706693,40026603
20706797,40026672
20707134,40026971
2070821,2076064
20708742,40031717
20708745,40031720
20708746,40031721
20708747,40031722
20708752,40031727
20708755,40031730
20708757,40031733
20708761,39789300
20708765,40031739
20708766,40031740
20708770,40031745
20708771,19108672
20708772,40031746
20708773,34983901
20708776,40031748
20708780,40031751
20708789,40031758
20708818,40031774
20708819,40031775
20708822,40031778
20708823,24575221
20708824,40031780
20708846,40031793
20708847,2264921
20708849,40031796
2070930,2076173
2070931,98895
207114,20390625
207153,1152585
2071630,2076877
20718289,40041579
207212,2392120
207215,200552
2072343,2302734
20723652,40047322
20723654,40047324
20723655,40047325
20723656,40047326
20723827,40047496
2072458,2077706
20724592,40048209
207262,200599
207266,3234368
20726923,40050288
20727889,40051480
20727890,40051481
20729502,25519447
2073049,2078297
207330,2487576
207331,1109762
20734027,40062030
2073629,3047044
20736566,18707527
20736850,41328556
20737373,18462064
20737637,42394844
2073891,2079139
2074317,2079565
2074420,2079668
207461,200796
20746724,49952200
207485,723350
207522,1271094
207533,1167123
207569,1282066
207576,200907
207577,835745
20758093,40090551
20758102,40090562
207589,1097662
20759432,40091975
20759557,40092074
20759564,40092079
20759593,24510862
20759614,40092111
20759630,40092123
20759634,40092125
20759653,40092140
20759732,40092215
20759748,42496556
20763960,40096818
2076421,2081690
20764780,40098547
20775815,40113927
207802,2156005
20783264,40122204
20783442,40122391
20783813,40122828
20783815,40122830
20783864,40122869
20783865,40122870
20786488,40125707
207888,1233578
2079076,2084348
20790776,40128685
20790777,40128686
20791092,40129280
20792143,40130241
20792144,40130242
20793857,40132670
207964,2180358
20798288,40141302
20798860,21529978
20809050,40154030
208146,201468
20819637,40165541
20819651,26624235
20819652,40165547
20819742,40165622
20821124,40167015
20821137,40167026
20821166,40167048
20821234,40167104
20821235,27685688
20821299,40167157
20821316,40167168
20821332,40167181
20821347,40167193
20827766,24790180
2083637,1298877
20839542,40191599
20839547,40191604
20839582,40191657
20840305,40192177
2084257,2089537
2084364,2089644
2084447,2089727
2084776,2090056
208491,201804
2086220,2091506
20875729,40215063
20878809,40218701
208837,1872003
20884513,40225551
208855,202139
20893324,2221897
20893526,1313599
20893527,3464264
20893529,1738595
20893906,40236841
20894027,40236950
20894028,40236951
20894029,40236952
20894040,40236963
2089472,2094758
2089473,742692
20896579,40240097
20897351,40252341
2089805,1969353
2089846,2875878
2089914,2095200
20899295,40262759
2090051,2095396
20901436,40265588
20901445,40265593
20901451,40265599
2090292,377888
2090350,2095695
2090435,19157021
2090737,2096094
20907391,23855377
20907392,40271343
20910182,40274614
20911480,40276634
20917458,25369215
20917828,40281739
20919666,40283718
20920838,40285085
20921056,40285404
209215,202489
2092281,2097640
20927056,40296108
2092839,2098198
20929897,40299405
2093528,3334123
2093969,2099329
209405,202672
2094362,2099722
2094363,2099723
20945,22133
2094776,2100152
20949046,40320666
20949223,18272767
20949227,40320844
20949230,43212072
20949451,40321005
20949621,40321146
209557,202822
209584,2028676
209586,687874
209588,202853
209594,52836970
209622,2995214
20962284,40218701
209623,1356486
209628,202893
209631,617184
209635,202900
209638,45983652
209639,202904
209643,41413730
209645,202910
209647,202912
209652,202917
2096780,2102143
20971423,40348774
20972209,24816960
20972210,40349562
20972214,40349567
209737,203000
20975309,40352562
20977161,40354680
209777,1399533
20980668,40357896
20980932,40358190
20987456,44527678
2098820,2104183
2099156,2104519
2099166,2104529
2099423,3200532
2099447,2104811
210063,203322
2101630,2106994
21020839,3311246
210252,203509
21028440,1329309
210288,3186437
21029231,40399434
210297,3186437
210311,203559
210319,203567
210329,1530651
210331,742
2104325,2109712
2104326,2109713
210465,203708
21049128,40416171
210521,203759
2105762,2111149
2105763,2111150
2105764,2111151
210581,203816
21061,22248
2106313,2111700
210632,203867
2107540,2112928
2108198,2113600
2108207,2113609
2108338,2113740
210852,204077
21088,181025
21089,22273
21091,193351
2109483,2114888
2110473,2115878
2110490,2115895
2110496,2115901
2110505,2115910
2110511,2115916
2110513,2115918
2110825,2116230
2111778,1071104
2111834,2117241
2111850,1071103
2111887,2117294
2111889,1065014
2111912,721885
2111922,2117329
2111924,980195
2112927,2118337
2113459,2118871
2114081,3167816
2114086,2119510
2114603,2120031
2114794,2120222
211600,565249
2116587,3186437
2118010,2123444
2118266,2839771
2118343,2123777
2118521,2123955
2118577,2124011
2118932,86934
211897,205109
2119025,2124461
2119026,2124462
2119366,2124802
2119441,2974345
2119791,2475078
212020,205230
212023,205233
2120316,5183777
2121402,2126839
2121669,2127106
212192,205402
212196,205406
2123733,2129173
2125423,2130863
2125454,2130894
2125464,2130904
2125471,2130911
2125528,2130968
2125577,142568
2125590,2131030
2125597,2131037
2125603,2131043
2125608,2131048
212612,2440692
2126734,661108
2127879,2133322
2128177,196568
2129420,2134863
212995,2918224
2131304,802423
21315,1505652
21318,1237170
21320014,40631570
2132756,3088071
2132969,2138448
2133014,2138493
21331,868263
213315,206499
2133502,1626338
21348,868263
2135587,2141072
213626,2194918
213631,206806
213632,906682
21364234,40666625
2136537,2851343
2136874,47718
2137373,2142860
2137440,2385756
2137777,2143264
21378592,24065797
2138644,2144132
2139851,2145339
2140425,2145913
2140503,2145991
2140514,2146002
21411911,40712987
21413862,40714624
21416171,40816256
2141638,2147127
21416421,40717536
2142162,2147652
21423611,40733348
21423615,40733351
21423619,40733353
21423622,7354424
214239,1872858
2143057,2148547
2143106,2148596
2143461,2148951
21435895,40746588
214392,207551
21441000,40750011
21441500,40750385
21443180,40752347
21444571,40753683
21445819,40754561
21445820,40754562
21448769,40756971
21457013,40771421
21457016,40771424
21457017,40771425
21457022,40771430
21469042,40786971
21469046,40786974
21469047,40786975
21469048,40786976
21469050,40786978
21469052,40786979
21469055,40786981
21469058,40786984
21469062,40786988
21469066,40786992
21469067,40786993
21469069,40786994
21469071,40786995
21469072,40786996
21469074,40786998
21469080,40787004
21469084,40787007
21469105,40787022
21469106,40787023
21469109,24069369
21469112,40787027
21469147,40787032
21471480,40789280
2147352,2152844
21475130,466086
21481359,40807423
21487836,40814294
21489272,40816190
21491433,40818215
21494045,25120765
21494049,40820780
2149879,2155376
2149889,2155386
215014,1907171
2150449,2155946
215064,2501834
2150717,2156214
21508798,40832751
21508799,40832752
21508986,40832899
21511575,40835308
21531496,40859682
2153285,2158784
21533199,2768848
21535019,40863995
21535320,40864299
21535351,40864329
21535381,40864355
21535485,40864448
21535487,40864449
21535515,40864473
21535526,40864482
21535648,40864595
21535705,40864655
2153687,2159189
2153829,2159331
21539504,40873876
215463,208596
215480,208613
21548429,40883354
21548434,40883361
2154930,3139228
2154994,207482
2155191,2160696
2155382,2160887
2155548,2161053
21556531,40889737
21556532,40889739
21557364,40890435
2155744,2161253
2155895,1295451
21559175,40891296
21561357,48012765
21561360,40893478
2156479,2161988
2156485,170682
2156781,995924
2156782,2162292
2156795,2162305
2157716,2163226
215801,2529400
2158406,4121
215850,3350975
215852,208979
215853,444450
215872,571313
215875,209002
2159225,2927650
2159564,519507
2159794,2165316
216047,209159
216048,209160
2160603,2166127
216068,1367264
216069,209179
216070,209180
216073,209183
216074,209184
216075,209185
216077,2264033
2161794,2167319
2161796,4150174
2161800,2167325
2161801,2167326
2161802,2167327
2161805,2167330
2161806,2167331
2161830,2167355
2162927,2168452
216323,209430
216326,209433
216330,2216644
2163540,2169067
2163541,2169068
2163546,2169073
2163703,2169230
2164027,46066472
216409,23590355
216410,209517
2164318,3290453
2164377,41125923
216491,42752131
216494,209600
2166344,2171872
2167270,2172800
2167631,2173161
2169533,2324536
2169542,3334013
2169543,2600034
2169586,984865
2170758,25130614
2171231,2065703
2174481,2162304
217461,210539
2175122,1200805
2177292,2361348
2177326,2183003
217772,210842
2177748,361092
217782,210852
217931,211000
2180444,3324035
218047,211116
2180716,2186396
2180887,1781098
21813239,41079979
218152,211219
2181588,2884161
218186,211252
218201,1683207
21820412,41087952
21822497,41089442
2182549,2188239
2182552,2188242
2182553,2544422
2182699,2188392
2183296,2188989
21839074,24976631
21839344,41106257
2184359,1550630
2184373,6526492
2184374,2190068
2184418,1219196
2184447,1113800
2184454,2190148
2184471,1075882
2184473,6474909
21846751,26323812
2184762,2190456
2185318,246963
21855228,41127854
21856513,41129416
21858566,2543234
2186268,2191969
2186554,3166452
2186644,2192346
21866765,41157694
2186862,2192564
2186894,2192596
21869804,41160305
21870136,41160813
21870138,41160815
2187104,2192806
21873184,41164522
2187845,2193552
2187886,2193593
21887138,41178436
2188754,2194469
2188759,1514463
2188776,6478850
21888347,41179968
21888348,41179969
21890832,41181642
2189084,2194800
2189110,759671
2189216,1327019
2189469,2195188
218963,212002
2189720,517524
2189812,2195531
2190073,2195792
219017,212055
2190742,2196462
2191406,2197126
21915666,40305551
219182,1358908
21920670,41219915
21920674,41219919
21920954,41220215
21921033,41220319
21921117,41220397
21921537,41220729
21921673,41220864
2192340,2198069
21926803,41225796
21927081,41226008
21929297,41228389
2193295,1952589
21936664,41240480
21936967,41240807
21942867,41247291
21942920,41247312
21944084,41248162
21944744,24361929
219517,868263
219557,2092
21965059,41275253
21965198,41275568
21965307,41275695
21965582,41276094
21965589,41276099
21965590,41276100
21965648,41276195
2197559,2203307
21975924,41286177
21980742,41291261
2198660,544374
21991200,41300060
21991202,41300062
21992930,41301437
21996357,41303403
21996358,41303404
21996382,41303424
22001157,41308004
2200542,2206300
22006526,25656381
220068,213082
220082,213096
22027266,1249788
22028238,41347493
220289,562145
220290,213300
2203031,2208794
2203135,80497
2203136,80497
22037424,2402163
220396,213405
2204595,2210358
2205204,2237764
22052900,41380167
220543,213549
220596,213602
220611,213617
22064321,41395014
22064780,41395537
22082059,41420087
2208802,2214578
2208803,2214579
22094416,51184645
220946,41107495
22098550,41443759
2210405,2216191
22105019,41450526
2210597,2216383
2210607,2216393
22107227,41452446
22107706,41452928
22107707,41452929
2210859,2216648
22110026,41454873
22112223,41456617
22112646,41456883
221302,57206781
2213760,1974395
22138357,41484656
22138360,41484661
22138391,41484683
22138395,41484686
22138415,50098377
22138435,41484722
221420,214412
221428,2062041
221435,214427
22151295,41496338
2215273,1397270
22162514,41503521
2216751,2222539
22181566,41529849
2219111,1552497
2219494,2500387
22195240,41543739
2220486,277308
22206689,41547648
22206699,41547659
22208,23264
22208289,41549273
22209012,41550085
22209105,41550164
22209107,41550166
222127,215114
222128,215115
2221905,2152021
2221907,2227699
2221968,38191
22219876,41559399
22220077,27858621
222218,215205
2222710,2228502
22236645,41606558
22236651,41606563
22237003,41607697
22237205,41610700
22237219,41610714
22237221,41610715
22238177,41612056
222383,215368
22241567,41616621
222458,1139031
2224884,2230678
2224888,1679789
22249668,41626053
22249703,22298350
222505,3018075
222507,1247449
2225602,2231397
222575,1258632
222605,217461
222606,76809
222680,215645
222801,1273825
2228208,2234006
2228926,2234724
22291126,40142039
22291131,41626053
22291614,41678082
22291629,41678107
22291630,41678108
22292490,41679270
2229297,2235096
22302907,41691806
223048,216003
22313632,41705955
22313640,41705963
22313641,41705964
22313655,41705974
22318389,41437774
22318467,41711639
22318468,41711640
22318575,41711735
22318600,41711755
22318601,41711756
22320474,41714042
22323258,41717884
22323647,41718259
22323662,41718273
22323666,41718277
22323689,41718300
22328530,41346212
2232996,2238817
22333808,41732123
22337,23367
22338,2517537
22341,2649
223627,216578
223663,18849824
223712,55548884
2237864,2243711
2238093,3032766
223845,216789
2238567,2244415
2238632,2244480
223864,216808
22387237,27112723
22402972,41828131
22403130,41828386
22407,23433
2241348,2247200
2242421,2248273
2242634,2248486
224296,113746
224320,2572487
224378,3222276
22443909,41870852
2244401,482905
224514,1371872
22453785,41885577
224538,217461
22454365,41886573
224654,457299
224655,18943230
2247182,2253055
22477286,41725865
22484276,41925298
22484277,41925299
224926,2402163
22493741,41939569
22493743,41939571
22493744,41939572
22493749,41939577
22493752,41939579
2249575,2255452
225038,1441544
2250397,2256277
22504680,41870852
22504698,41951489
22504706,41951495
22504710,41951499
2250515,2256394
225077,301629
225092,2824669
22509955,41954225
2251041,2002462
22511074,41954782
2251582,1327019
225160,2385813
225180,10847
225183,265420
225184,2069994
2251927,1505465
22521929,41969105
22521931,41969106
22521940,41969114
22521973,41969141
22522052,41969399
22522078,41969427
22522079,41969428
22522286,41969745
22522288,41969747
22522290,41969749
22522291,41969750
22522295,41969754
225227,218135
225228,218136
22522818,41178436
225229,218137
225233,218141
22524036,41971876
22525533,41800617
225274,2197412
22529346,41977024
22529357,41977032
22530015,41977913
2253483,2259364
22535510,41987041
22539041,40281739
225392,218299
22540205,41991519
22540206,41991520
22540275,41991603
2254246,2260128
22544224,41999781
22544225,41999782
22546077,42002467
22546110,42002477
22546125,42002480
22546491,41990472
22546573,41440257
22546584,42003341
22546632,42003373
22547937,42004463
22548551,42005132
22548627,42005226
22551523,1794384
22551747,42009417
22551769,42009468
22551790,42009486
22551792,42009487
22551795,42009489
22551833,42009526
22551894,42009576
22553675,42012495
22553680,42012500
22553684,42012504
22553692,42012512
22553705,42012520
225542,2802503
225545,460938
225547,3009935
2255564,2261449
22557471,42018400
22557485,20131971
22557523,39899429
225611,218516
2256214,3166552
225679,218584
225685,1253659
225692,218594
22571253,42037700
22571255,42037702
22571259,27478077
22571266,42037711
22571276,42037720
22571282,42037725
22571703,42038150
22573833,42010732
22573867,42010750
225742,218643
225743,1098883
225755,2685190
225774,218676
225777,218678
2257954,2263904
2258644,2264594
2258971,2264921
22595423,42077759
2259971,2265923
226034,218932
226069,218967
226070,218968
22608767,42098804
22608901,42098959
22608904,42098962
22609854,42099805
22609855,42099806
2261288,2267263
226193,837659
226198,219094
2262162,2268166
226269,2361348
226271,1165972
2262959,1061285
22632295,42132713
22635853,42136572
2264504,1632383
22647794,42148072
226535,219423
22663352,42097752
2266474,2272491
22665007,42164926
2267075,2273092
2267473,1802806
226759,350315
22675925,42182458
22675931,42182463
22675934,42182466
226800,2167233
2269302,2275321
22693171,42097798
22693257,42205815
22693273,42205827
22693811,26186166
22693815,42206601
22693822,42206606
22694053,42206905
22694054,42206601
22707152,42229188
22712917,42238566
22712981,42238658
2271522,2277542
22715828,42243063
2271634,729828
2271807,2277827
22718657,42246957
22718658,42246958
22718662,42246962
22718665,42246965
22718666,42246966
22718667,42246967
22718668,42246968
22718671,42246971
22718681,42246979
22718683,42246980
22718687,22021153
22718690,42246985
22718694,42246988
22718695,42246989
22718696,42246990
22718698,42246992
22718699,42246993
22718704,42246996
22718707,42246999
22718708,42247000
22718714,42247005
22718717,42247008
22718718,42247009
22718719,42247010
22718720,42247011
22718723,42247014
22718727,42247018
22718746,42247029
22718747,42164925
22718749,42247030
22718756,42247037
22718758,41972004
22718759,42247038
22718809,41355523
227235,10836
2272515,2278535
22725316,42258771
22725320,42258775
22725321,42258776
2272601,1073550
22729454,42264451
22730709,42266638
22732032,42268696
22735715,42274216
22747736,42292674
22747749,26124548
22747763,894153
22747768,26124548
22747785,42292719
22747789,42292724
22747791,42292726
22747796,42292731
22747797,42292732
22747800,42292735
22747803,42292739
22747806,42292742
22747809,42292745
22747810,42292746
22747811,695653
22747812,42292748
22747813,42292749
22747815,42292751
22747817,42292753
22747821,42292756
22747836,39910422
22747841,42292768
22747847,42292773
22747849,42292775
22747854,41380167
22747855,42292780
22747860,42292785
22747862,42292787
22747886,26323812
22747902,42292799
22747956,42292835
22748007,42292884
22748012,42292889
22748880,42293995
22749512,42294892
22749530,42294906
22749531,42294907
22749535,42294911
22749536,42294912
22749696,42295100
22749702,42295104
22749709,42295109
22749711,42295111
22749716,42295116
22749728,42295127
22749730,45993268
22749731,42295130
22749745,42295139
22749748,42295142
22749749,42295143
22749761,42295152
22749762,42295153
22749768,42295157
22749769,42295158
22749777,42295162
22749785,42295170
22749789,32809739
22749897,42295230
22750187,42295487
22750248,42295538
22750286,42295568
22750337,42295613
22750393,42295667
22750405,42295678
22750410,42295683
22750413,42295686
22750432,42295702
22750448,42295717
22750455,42295724
2275129,2281154
22757563,42307578
22765,23772
227651,1210896
227696,2363164
2277310,2333292
2277330,2283441
2277331,2283442
227745,3014657
22784968,1358908
227866,2526503
227867,3053252
227896,220730
2280096,2286224
228030,220857
228032,3234224
228034,15109972
2280687,2286816
2280949,954532
228101,680315
22812019,42360379
2281346,2287476
228135,220955
2281507,2287663
22817390,42367500
2281895,2288091
228195,221014
228208,1684774
228209,995765
228211,731059
228216,221028
22825557,42379986
22825576,42380005
22825580,42380009
22825591,42380019
2282658,2288854
2282907,2289103
228303,2543234
228310,221116
2283880,2290084
2283881,2290085
2284046,2290250
2284518,2290723
228478,221272
228518,1956911
22856145,42422168
22856146,42422169
22859559,42427472
22864821,42391563
22864844,42432131
22864855,42391550
228696,3070357
228715,221494
22873041,42300119
22875089,40851866
22875377,19070370
22875387,42439845
22875394,42439852
22875417,42439875
2287658,3324022
22878633,493345
22879326,42445879
228879,221656
2288795,2295002
22889793,42459946
22889873,42460012
22889878,42460017
22891634,42461698
2289270,1224541
22914,21748871
22914236,42479912
22915,1855987
22915462,41179897
22916,1855987
22917,1855987
2292293,2905864
22926534,42139665
22926576,42495760
22926580,42495761
22926581,42495762
22926582,15393869
22926583,42309178
22926713,42495879
22928574,42498157
22928594,42498177
22928873,41361552
22929009,42498566
22929016,42498571
22929525,42499075
22929545,42499088
22929549,42499091
22929557,42499098
22929558,42499099
22929621,42499147
2293154,1715123
22932489,42502787
22934455,42504577
22934470,42465542
2293664,277308
229489,222238
2295168,267076
2295713,2302022
22962458,42529364
22962460,42529366
22962461,42529367
229634,222372
2296614,19163321
229777,2454929
229780,222518
22978117,42543161
2298136,1419748
229847,222585
23000779,42565799
2300187,2306523
23002906,42568735
23009447,42576221
23011738,42578248
23013676,26517978
23013679,42579977
23013685,42579982
23013689,42579986
23013817,42580091
23013822,42580096
23013830,42580103
2301501,2307907
23015557,42581617
23018699,42588185
2302537,2308943
2302797,1313599
2302801,3186437
2302845,6196809
23068261,42624533
23068262,42624534
23068263,42624535
2306877,3348886
23080096,42632550
23080097,42632551
23080135,42632578
23080406,33482138
23080407,42632825
230992,223724
23102725,42651055
231044,223775
231059,223790
2310683,2317100
23108939,42656478
23108945,25652946
23108950,42656488
2310989,2317406
23116071,42665547
23116072,42665548
23116073,42665549
23116074,42665550
23117753,42667362
23124758,55548884
23129705,42677548
23129861,42677686
23129974,42677786
23130340,42678069
23131095,42678724
23131097,42678726
2313532,174624
23137330,42685130
2314803,2321230
23153010,42700676
2316,1550961
231612,224335
23165006,42711017
23167259,42712660
23167679,42713002
23167683,42713006
23167685,42713008
23167686,42713009
23167689,42713012
23167702,42713025
23167714,42713037
23167716,42713038
23167719,42713041
23167726,42713047
23167728,42713049
23167736,42713057
23167737,42713058
23167738,42713059
23167753,42713073
23167803,42713112
23168455,42713681
23172734,42716968
23173046,42717249
2317695,2324214
231794,2682098
2317949,2324469
2317963,2324483
2318011,2324531
2318097,2324617
231811,2472870
2318124,2324644
231815,3186437
2318177,2324697
231821,1757548
231826,224542
231849,2630133
231850,261903
2319633,2142376
23197281,42742269
23197295,42742276
23197598,42742513
23197599,42742514
23197600,42742515
23197603,32808723
23197604,42742518
23197611,42742524
2319979,2326499
2319981,2326501
23203254,42747314
23207008,42750564
23208632,42751971
23208702,42752039
232092,1194755
232096,1602074
232097,244031
232098,2908333
23209952,42753057
23209958,42753063
23209959,42753064
23209960,42753065
232100,879886
23210021,42753123
232108,933852
232109,2029611
232110,2494398
232111,632895
232112,1284999
232127,1907234
23213151,42755711
232150,224850
23215466,1358908
23217530,42759976
23217539,42759984
23217556,42759994
23217558,42759995
23217569,18657238
23217706,42760105
23217713,42760112
23217716,42760123
23217722,42760118
232187,2765786
232188,2379261
2321892,2328416
2322209,1211506
23223164,42765250
232266,1365541
232267,224964
232270,224967
232381,1086867
232382,296629
232388,225082
23245047,42788374
23249125,42791806
232531,1784447
232575,3040910
232576,1429939
2325825,3897683
23258647,42799688
23258844,42799863
23258868,42799887
23264343,42805603
232647,225334
23271194,42811182
2327391,267076
23278492,42817023
23279189,42817662
23280255,42818528
2328028,2334589
23280439,42818663
23280451,42818672
23281611,42819621
23281615,42819624
23281623,42819627
23281632,42819632
23281656,42819646
23281663,42819650
23281685,42819667
23281696,42819675
23281707,42819681
23281715,42819687
23281716,42819688
23281726,42819693
23281762,42819714
23281770,42819718
23281810,42819735
23281812,42819736
23281814,42819738
23281817,42819742
23281819,42819744
23281827,42819754
23281849,42819772
23281865,42819784
23281875,42819791
23281882,42819794
23281892,42819799
23281919,41824344
23281934,42819824
23281947,42819831
23281948,42819832
23281952,42819835
23281979,42819856
23282093,42819950
23282145,42819992
23282171,42820011
23282276,42820099
23282283,42820106
23282322,42820138
2328522,2335086
23285687,42826405
23285694,42826409
23287169,42827930
23288377,42845859
232896,2029654
23291274,42848465
23295593,42748112
232958,225642
23296180,42852662
23298383,42854625
23300,24287
23300078,42855967
23302416,16319487
2330799,2337363
2330806,2337370
233093,267087
23309561,42863936
23309562,40851933
23309585,42863955
23309600,42863967
23309606,42863973
23309622,42863983
23309636,42863990
23309640,42863993
23309641,42863994
23309644,42863997
23309645,42863998
23309679,42864025
23309695,42864036
23309718,42864047
23309725,40712987
23309730,42864055
23309733,42651055
23309744,42864065
23309777,42864078
23309780,42864079
23309790,42864085
23309792,42864087
23309794,42864088
23309856,42864139
23310161,42864407
23310205,42295707
23310214,42854424
23310667,42864793
23310668,42864794
23310669,42864795
23310671,42864797
23310677,42864803
23310681,42864806
23310683,42864808
23310688,42864812
23310690,42864814
23310693,42864816
23310695,42864818
23310699,42864821
23310702,42864824
23310705,42864827
23310707,42864829
23310709,42864830
23310710,42864831
23310714,42864834
23310715,42864835
23310723,42864842
23310724,42864843
23310731,42864847
23310739,42864850
23310741,42864852
23310759,42864861
23314094,42868298
23314495,42868613
23315816,42870258
233173,225835
23317575,42872946
23324021,45962572
233336,213788
23336394,42889212
23339639,42898945
23339640,42898946
23341569,42901103
23341622,42901140
23341832,42901317
23341839,42901324
23341841,42901326
23341903,42901366
23342222,2543234
2334397,1226948
23346345,42905078
23346526,41178436
23346750,42905364
2334891,2341490
23358986,42915046
233633,2884161
23363537,42919775
233637,3308013
233714,2056462
233718,47862
233719,226353
233722,2302767
233724,995924
233744,47840
233746,2152021
233747,2162304
233748,38191
233749,3057704
23375,24346
233751,3057116
233752,226386
2337564,2344248
23376,24347
23377,24348
233787,2162292
233789,2152020
23379,1987203
233790,1194777
233797,226428
23380363,42939449
233817,839692
233818,3215136
23384293,42942865
23384457,42942995
23395094,42952321
23395099,42952321
23395368,42952525
23395640,42952517
23395646,42952518
23395683,42952531
23395697,42588217
23395708,42952718
23398624,42955213
23399180,26540313
23399186,42955653
23399197,41420087
23399213,42955673
23399219,42955676
23399228,42955684
23399241,42955696
23399246,42955701
23399274,42955724
23399298,42955744
23399303,42955749
23400,24371
23401,24372
23403,24374
23403771,42967474
23404,24375
23405,24376
2341674,2348369
23418602,42976873
2343218,2349927
2343813,1026412
2345840,2352550
2345891,2352601
23460909,43034099
23460936,43034118
23460956,43034131
23460970,43034145
23462618,42916943
23463175,43055601
23463602,43056035
23463606,43056038
2346670,2353380
23466888,42915125
23476820,42187452
23490429,43080879
23494321,40041579
234947,688357
234951,227558
23498139,43099856
23499634,43101113
23500081,43101518
23502073,43103091
23502845,43107501
235038,2125304
2350460,2357173
235061,886002
23507512,43111616
23507758,43111808
23508698,43112486
23510187,43113596
23511272,43114532
235117,6573246
235124,6573251
235127,6573248
235128,6573250
235129,713272
235149,2597166
235152,1117042
235153,227756
235157,227760
235164,227767
235168,227771
235170,227773
23527433,43130124
23528350,43131289
23528351,43131290
23528363,43131304
23528366,43131307
23531315,28641903
23531316,43133456
23531317,43133457
235324,1249788
235378,227980
235416,228018
23548049,43147547
2354843,2361568
23551127,1784447
23551486,43151200
23556832,42799887
235597,1225592
235605,228205
23563078,43162184
23563107,43162212
2356343,2363109
2357069,2363835
2357078,1837885
23573606,43172110
23583736,43187449
23584157,43187899
235846,2429421
23587510,43190618
23590446,43193238
235936,228518
2359419,54491359
23597311,43199570
236,45466090
23600172,43202274
23602668,43204425
23602669,43204426
23602710,43204449
23604390,43206026
23604411,43206046
23604413,43205623
236056,639745
236081,1993810
236093,1993810
23611997,43215991
23612540,43216512
23612827,43216809
23612828,43216810
23612829,43216811
23615696,43219475
23615710,41395537
23615712,43219490
236159,173513
23617,2964446
2361807,2368574
23621665,43227099
2363115,2369882
2363118,2369885
2363300,120901
2363306,676989
23645086,43249947
23645087,43249948
23645342,43250915
23647236,43254894
23657459,26526615
236645,2924815
2366914,2373713
2367470,2374296
236764,229324
236867,229426
236868,1119829
236869,2658952
236870,229429
23688743,43297595
2369506,2376332
237063,229617
2371074,2377975
237116,229670
237124,229678
23719206,43328801
23719207,43328802
23719210,43328805
23719217,43328806
23719248,43328824
23719405,25520564
23719421,43328936
23719427,43328938
23719431,40132670
23719441,43328947
23719448,43328953
23719470,43328965
237304,229854
237305,229855
23731868,43344014
237323,229873
2373240,2380148
23732540,43344700
237337,1124600
237344,229894
237346,2986158
237347,229943
23735067,43347119
237359,229909
237360,229910
237379,1330459
237385,2516112
23739484,43351465
237401,229950
23741940,43241332
23742842,43241337
23743734,43357957
23743735,43357958
23743749,42445889
237485,230034
23754884,43369579
237559,230108
237565,230114
23758780,23686035
237665,330237
23766646,1015554
23770314,43385551
23772,86934
23779,737291
23789237,43404543
23789238,43404544
237979,230523
238068,230604
2380834,2387846
23811731,2535765
23816,24753
238216,230747
238217,230748
23822236,43369579
23822534,43435143
238250,230781
2383129,2390141
23834588,43446227
23834589,43446228
23834604,43446240
23834606,43446241
2384206,2391218
23845812,43456126
23845948,43272191
23845963,43456252
23845989,43456272
23846005,43456287
23846038,43456316
23846041,43456318
23846058,19060771
23846062,43063534
23846071,43456344
23846130,43456398
23846164,43456428
23846187,43456449
23846307,43456560
23846397,43456635
23848024,43458029
23848144,43458122
23848162,43458137
23848193,43458167
23848454,43458368
23864516,3043272
2386592,844184
23866208,43475881
23871119,43480454
23871144,43328402
2387212,1156082
23872955,43482100
23873174,43446241
23874432,43483405
2387492,2394504
2387509,2155378
23875686,43484511
23875924,43484715
23876153,43484921
23879897,43488316
2388734,2395746
238904,115
238988,3635382
2390983,182511
2391,46187439
2391809,3349054
239212,570798
239213,231723
239249,2677895
239284,231789
2392980,2399992
2393187,2400199
239320,231820
2393779,649084
239381,231881
239383,231883
239388,231888
2393903,1002281
239418,231918
239422,231922
239432,2731005
239458,231958
2395609,2402626
2396055,2403073
239810,1632383
239820,816361
23986850,1069597
239877,1215581
2399519,2406646
23995333,43596053
23995334,43596054
23995448,43596129
23995451,43596131
23995453,43596133
239955,2736849
239957,894153
239973,98895
240007,142009
24000711,41337977
24000723,43600833
24000731,43600840
24000733,32808169
240008,30518
24001093,43601148
240129,2448330
240130,844184
240139,2178329
240144,1892755
240190,232674
24019184,43618135
240220,232702
240222,232704
2402296,2409429
2402523,4121
2402530,1269675
2402991,2410124
2403157,1015554
24037,155099
24039426,17441265
24039433,42914413
24040566,43446238
24041,24979
240412,232894
240413,232895
24041359,27669927
24045,24965
24046,155021
24047,24967
24048,1140733
24049,1282439
24050,24970
24051,24971
24052,1282443
24053,1140731
24055,1282440
24056,1178127
240562,233041
240564,3268578
2405649,2563841
24057,3211635
24058,1433250
24059,2922812
2406417,2413583
24065,24982
240661,233139
2406681,2413852
24073,24990
240775,233252
240815,1965192
241,1517011
24105692,43699072
241070,233526
241074,2635458
241076,233532
241088,233544
2411046,1604075
2411828,2419008
24121,25031
2413896,2421073
24149,2287844
24152,2762224
24155,18982023
24156,2762225
24157,25057
241585,268701
24159,3959
24172,3315885
24173,25072
24175,25074
241768,234220
241769,234221
24177,657210
24178,987048
24178192,43766452
24179,987048
24179521,45656113
24185,987048
2418590,2425767
241862,23644850
241903,234353
2419278,2426455
24196,1973511
24197,25092
241973,234419
24198,25093
24200,25102
242026,234471
242027,1062849
242029,234474
242040,2295594
242041,234486
242050,235447
242079,2258608
24208,25103
242080,234525
242093,234537
242104,6530945
242106,234550
24213,2375385
24215,18485762
24216,2375385
24217,2375385
2421753,2428933
2421754,2428934
24220,2375385
24221,55548884
24221953,43808714
24222,25111
242228,234672
24226,2785320
24233,25122
24234,2568343
24236,25125
24238168,43823670
242502,695913
24268813,43851361
2426939,1061285
24271,960
242748,1604120
2427896,2435083
2427903,2435090
2427936,2435123
242822,1039989
242824,235249
242827,489243
24282941,24513623
242858,1258731
24290,25169
2429966,2437154
24300,3160700
2430072,2437260
24303,25174
24304,1839550
24305,2827664
24307,25177
243075,235498
24308,25178
24312,25181
24318,25187
2432504,960
2432719,131247
2432999,2440187
24330433,43909651
24331400,43910455
24334,806717
24335,1835542
2433746,2440934
2433747,2353698
24338379,43919985
24338388,43919994
2433893,57999283
243424,235835
2434435,2441623
24346586,43928503
2435377,2442565
2436899,2444087
24380462,43963350
24382356,43965493
24384,25246
24388323,43972271
24388324,43972271
24388376,42817662
24388383,43972324
24389,41123531
24394,2485120
24396845,43981426
24396856,43981437
24396863,43981441
24396876,43981451
24396881,43981457
24396982,43981563
24397045,43981605
24397055,41683072
24397060,43981619
24397061,43981620
244012,2317219
2440810,487370
244115,2264278
244117,236511
244118,236512
2441665,2448859
244247,236641
244269,236661
244333,2125304
244338,1976
244422,925975
244480,236864
244500,1585358
24452943,44044707
2445721,2452915
2446826,2794212
24471045,44064008
2447396,2454590
2447930,2455124
2448165,2745
24487031,44081545
24500174,44095666
24509690,44106711
2451036,2458230
2451090,3124743
245127,18358815
24515547,40062013
24517630,44116572
2452032,2459226
245333,2213869
2453640,3217559
24561496,44165480
245680,3155746
2457359,2464554
24580,41261371
24585335,44192136
24585340,44192141
24585386,41831744
245935,2787175
245936,238288
245939,238290
24607565,27306175
24611692,44222839
24611699,44222842
24611765,44222895
24611820,55548884
24611884,44223000
24611941,44223049
24611942,44223050
24612013,44223112
24612066,44223149
24612106,44223176
24612140,44223202
24612144,701311
24612471,44223518
24612545,44223599
24612549,44223603
24612559,44223611
24612598,44223648
24612623,44223674
24612624,44165520
24612638,44223684
24612674,44223715
24612691,44223729
24612714,44223751
24612727,44223762
24612744,42915046
24612756,44223785
24612805,44223824
24612810,44223829
24612814,44223832
246261,238598
246262,238599
24633190,44245279
2463578,2073335
24647,25486
2465080,2472276
246529,238860
246546,3719102
24655,372563
246584,2517065
2466135,2473331
246617,1147051
24680250,44297706
24682,2125304
24683167,44300722
24686,25521
24688,25523
24693021,44312034
246936,1715180
24693783,44312804
24693792,44312813
24693865,48273627
24694022,43345880
24694042,44313028
24694093,44313070
24694140,44313113
24694189,44313160
24702258,43863404
24703,978718
24704,978715
24705,839692
2470608,1703692
24726342,44300723
24727076,44353559
24727080,44353563
24727081,44353564
24727082,44353565
24727084,44353566
24727087,44353569
24727095,44353575
24727103,44353583
24727112,44353588
24727115,42845855
24727121,43241471
2473159,2480356
2474423,1327019
2475765,2482962
2476115,2483312
24762390,44392817
247638,239934
24773679,44379406
24774,3084097
24777,2385747
24778,2645461
24778519,44410849
24782354,41828131
2478882,655472
2479275,2486476
24794492,44430178
24795870,44431904
24795872,44431906
24795909,44431943
24795918,44431951
24795920,44431952
24795927,44431959
24795932,44431963
24795939,44431970
24795954,44431984
24796121,44432197
24796235,44432307
24796275,44432344
247981,55658362
2479987,2487189
248169,240460
24819466,43209804
24819502,44460284
24819508,44460289
24819511,49680542
24819513,44460291
24819554,44460328
24820301,44461074
24822138,44463297
2482880,2490082
24833423,44476775
24833662,44476903
2484204,2491409
2484820,826135
2485213,2492418
2485252,3264295
248622,240901
248667,240943
24874242,44522686
24877359,45320576
248778,241054
24878861,45138247
24878890,44526803
24879310,44527218
24879775,44527678
24880135,44527983
24885579,44534194
24885593,44534203
24885605,43877385
24885608,44534215
24885667,44534258
24885716,44534299
24885742,44534316
24885756,44534328
24885759,44534331
24885766,44534337
24885799,44534362
24885829,44534377
24885834,44534382
24885855,44534396
24885865,44534402
24885867,44534403
24885868,44534404
24885876,44534407
24885878,44534409
24885885,44534416
24885887,44534417
24885889,44534418
24885906,44534425
24885910,44534428
24885912,44534430
24885914,44534432
24885927,44534442
24886007,44534524
24886778,44535225
24889,498888
24890,25667
248970,241244
24900469,44550355
24904,896683
24904396,43446240
24904752,44300721
24905350,44555758
24905361,44555766
24905362,44555767
24905369,44555775
24905382,42809039
24905389,44555793
24905397,44555801
24905399,44555803
24907303,44558123
24907334,44558146
24908,2688214
24909,2965139
2490980,2548418
24921999,44574965
249240,241502
24928959,44300722
24934,521666
24934636,44590366
2493694,2501006
2494049,2501362
24941005,45585402
24945327,44603755
24945405,44603843
24945447,44603883
24945461,44603897
2494758,2502075
24951698,44611356
249520,2682098
2495463,2502781
249593,2766798
24960945,44623396
24963,1258632
24968109,44635848
24968392,26526615
24981887,44648242
2498695,2506015
24989936,44658063
249904,242152
24998991,44669107
24998996,44669110
24999010,44669110
24999017,44669125
24999028,44669133
2501638,2509003
2501946,2509311
2502122,2509487
25027494,44702193
25027836,44702587
25045,25800
2504935,2512302
25050,25805
25051,2208078
25052,1279228
25053,1279206
25055,3258377
25058,432309
2505923,2513291
250633,436696
250640,1050109
25066557,44751177
25066576,44751196
25066584,44751204
25067039,44751853
25071181,44756490
25073669,44758904
25073799,44759024
25073839,44759064
25073845,44759071
25074132,44759364
25074214,44759442
25074224,44759451
25074263,44759486
25074264,44759487
25074598,44759956
25074603,44759960
25074773,44760134
25081701,44768347
25087867,43938110
25088574,44776963
2508878,2516249
2508888,2516259
25092138,44781353
25094569,44702518
2509673,549907
2510445,2517816
2510506,91397
25109647,44803214
2511065,1625987
25113325,16319487
25122006,44817684
2513508,2520890
251379,243592
251445,243656
2514602,2521984
251462,1602041
25150366,44851381
25152641,44854748
25159060,44862593
25159499,44863011
25160,25909
25161,25910
25162,2411373
25176892,44883095
251774,748203
25184079,44891933
251862,244058
251939,244129
25197548,44908620
251982,244169
252000,244189
25203672,44916090
25205302,43071762
25208182,44921542
252205,1177166
252218,938362
25222064,44937426
25222590,44938027
252232,3212368
252248,244433
25226,1955922
252262,244447
25226215,44942176
25226270,44942246
252268,706134
25231,1955922
25233,1955922
25237,881150
25241450,44961023
25241543,44961073
25241547,44961077
25241548,44961078
25241550,44961080
25241552,44961082
25241553,44961083
25241554,44961084
25241557,105156
25241571,44961097
25241573,44961098
25241590,44961106
25241591,44961108
25241594,44961111
25241595,44961112
25241596,44961113
25241597,44961114
25241598,44961115
25241619,44961123
25241623,44961126
25241625,44961128
25241633,44961134
25241871,44961299
25241874,44961301
25241949,44961363
25241965,42856890
25249470,44970248
2525250,2532754
252601,244777
25266552,44990998
252745,244916
252747,244918
25278,1467636
252815,244983
25284,26028
25286,26030
2528606,2536115
2529281,3186437
252968,245136
2529951,2537463
2529979,2537491
253000,1390876
253043,373800
253098,2947757
25310972,45041613
25311520,45042325
2531571,2539084
25318441,45051027
25318858,45051653
253192,245353
25319257,45052214
25322329,45055631
25324132,45057717
25325557,45059898
25329997,45065280
25330147,45065403
25330207,44273475
25330271,45065510
25331998,45067867
25332002,45067871
25332003,45067872
25332008,45067877
25332009,45067878
25332010,45067879
25332012,45067880
25332014,45067882
25332025,45067888
25332030,45067892
25332031,45067893
25332032,45067894
25332037,45067899
25332038,45067900
25332040,45067901
25332081,26869477
2533741,2541259
25337476,45074298
25337548,45074389
2535732,2543255
25358092,42905078
2535949,1069597
2536059,85358
25361883,45105479
25361885,45105481
25361887,45105484
25362581,45106541
25363508,45107515
25363509,45107516
253647,2180358
25372538,45119125
2537363,2544892
2537608,2925334
25377078,45124855
25377871,45125792
25384384,45134005
25387139,45137821
25387367,45137809
25387372,45137958
25387393,43699428
25387398,45137970
25387409,45137974
25387605,45138105
25387706,45138182
25387775,45138212
25387851,45138247
25387867,45138259
25387906,45138316
25387908,45138317
25394434,45868575
25396567,45148525
2540008,2547538
25401514,45154897
25406,4432325
2540640,2548169
2540783,2548313
25408803,45163487
2540953,2548482
254103,246240
254107,246244
2541295,3215136
25423991,45182831
25430279,45191193
25430624,45191193
25431143,45191844
25431148,43781502
25431486,45192241
25439034,45201381
25439356,45201700
2544136,3124859
25441923,45205239
2544359,2965195
25444846,45208381
254450,1855987
254454,25800222
254457,21902367
25446400,45210178
25446491,42495728
25448261,45213051
25453065,45218085
254548,246683
254596,2361348
2546587,2554118
25468273,45236910
25469,839692
25472758,45242951
254840,3087029
2548635,2556200
2548658,1045406
25488361,45262677
25489008,45242953
25489026,45242966
25489033,45242968
25489038,45263529
25489154,45057717
25489195,45263631
25489430,45263815
25489475,45263853
25489895,45264405
254920,2879864
25493901,45268962
25494216,45269293
25508197,45286949
2551237,2559038
255169,1575652
25543572,40236951
25543704,45335899
255452,247577
2554590,2562841
25548915,45342390
2554916,2563167
255507,3145754
255508,247633
25554839,45350105
2556490,6356803
2556491,6356804
25568167,45367721
25573319,42864821
25582248,45384903
25582830,45385552
25582931,45385662
25583502,41960834
25588817,45393002
25614091,45425429
25614238,45425429
25614247,45425426
25614265,41127882
25614267,45425540
25614318,45425560
25614428,45425481
25614852,45425848
25614853,45425849
25615902,44165520
25618438,44101319
25621951,45434058
2562619,3245824
2562772,2571265
25634503,45449668
2563471,2872193
256380,2458272
256382,248484
2563902,2572401
2564031,1357639
25648162,45467565
25648199,45467599
25648348,45467740
2566075,2574713
25663504,45486501
25663514,45486509
25663557,45486546
25663636,45486605
25663765,45486710
25663825,45486751
25663909,45486817
25663943,45486841
25663959,45486851
25664625,45487391
25667027,41240824
25667028,45490179
25671316,45495412
25671433,45495545
25671625,45495711
25671667,45495754
25671922,45495964
25672073,45496118
25674388,45498359
256769,248857
25679352,42148083
25679785,45505425
2568513,55548884
25685200,45512690
25685283,45512877
25685479,45513237
2568572,2577809
25688978,45517392
25688982,45517395
25688984,45517397
25688988,45517399
25688989,45517400
25688999,45517407
25689002,45517410
25689007,44258832
25689012,42742773
25689014,45517419
25689016,45517421
25689017,45517422
25689022,45517428
25689027,45517432
25689029,45517434
25689038,45517441
25689040,45517443
25689044,45517446
25689050,45517449
25689057,45517456
25689058,45517457
25689065,45517464
25692020,45521504
256952,249031
25704085,45534748
257068,249136
257070,249138
25709427,45541567
25711622,45544152
25715367,45549215
25716588,45550533
25716590,45550535
25716601,45550546
25716652,42852861
25716669,45550600
25716674,45550605
25716688,45550620
25716689,45550621
25721449,45556505
2572233,2583393
25725255,45561460
25726634,45563117
25728418,45565305
2572894,2304930
2573057,2584662
25734206,45572465
25735875,45574997
25735892,45575014
25737282,45576548
25737383,45576652
25738883,45578232
25738892,45578238
25739028,45578232
25739053,45578356
25739100,45578248
25739110,45578252
25739136,45578418
25741065,45580919
25745002,45585749
25746098,45587128
25747078,45588463
25747193,45588596
2575081,2587851
25753092,57997938
25753099,45595993
25753208,45596215
2575342,2588216
25756055,45599953
257584,3002943
2576156,2589337
25761746,45606831
257702,870923
2577172,2551895
2577340,640361
25773980,42238658
25774,868614
25774379,45623186
25774387,45623194
25774389,45623195
25774391,45623197
25774393,45623199
25774400,45623200
25774403,24572675
25774405,45623202
25774412,45623203
25774416,45623204
25774424,45623206
25774427,45623207
257751,870676
257756,870671
257758,870671
25776235,45625376
25776237,45625378
25777444,45627020
25777449,45627028
25777450,45627029
25777452,45627031
25777454,45627033
25777470,42852524
25777478,43648484
25777483,45627062
25779111,45628644
25779124,45628655
25779131,45628661
25779135,45628665
25779145,45628673
25779146,539814
25779158,45628685
25779180,45628705
25779192,45628719
25779193,45628720
25785018,45635790
25785521,45636265
25785533,45636274
25785544,45636282
25785550,45636288
25785554,45636292
25785576,45636305
25785627,45636347
25785628,45636348
25785644,45636363
25785679,45636385
25785698,45636399
25785700,45636401
25785701,45636402
25785736,45636425
25785742,45636431
25785748,45636437
25785753,45636442
25785754,45636443
25785760,45636447
25785761,45636448
25785778,45636460
25785783,45636462
25785789,45636465
25785795,45636469
25785826,45636483
25785828,45636484
25785833,45636485
25785834,45636486
25785835,45636487
25786968,45637474
25786985,45637491
25787275,45637806
25788406,41443759
25792023,45643657
25792108,45643801
25793079,45644926
258038,250092
25809744,45665752
25809985,45666055
25810019,41106257
25810027,45665752
25810029,45665753
25810041,45666097
25810043,45666099
25810044,45059898
25810642,43103091
25816404,45673472
25816715,45673793
25816768,45581747
25816782,45672820
25816783,45672820
25816835,45673904
25816875,45673935
25816927,45673978
25816942,45673989
25817009,45674033
25817017,45674040
25817049,45674067
25817053,45674071
25817074,45512573
25817094,45674090
25817103,45674097
25817146,45674140
25817173,45674160
25817185,45674172
25817189,45674177
25817205,45674189
25817214,45674195
25817231,45674208
25817244,45674216
25817276,45672812
25817286,44676134
25817295,45674251
25817312,43114532
25817319,45674278
25817352,44702587
25817473,45674407
25817512,45674436
25817543,45674453
25817544,45674454
25817734,45674591
25819506,45805670
25821190,45678305
2582610,2598561
25827708,45686903
25827818,45687081
258323,2375385
25834620,45695784
25842811,45707277
2584533,2601239
2584775,2601620
25851270,43981451
25853075,45721000
25853076,45721001
25861096,45731642
25861894,45732547
25861925,45732585
25861929,45732588
25861934,45732594
25861937,45732598
25861944,45732603
25861969,45732625
25862144,45732780
25862348,44555940
258676,250717
2586990,2604550
25871658,45745439
25877491,26329485
25877517,45753873
25882558,45760886
25885733,45764791
25893581,45480467
25893597,45775716
25893600,45775719
25893603,45775722
25893605,45775724
25893607,45775726
25893608,45775727
25893609,45775728
25893615,45775733
25893618,45775735
25893620,45660188
25893621,45775738
25893622,45775740
25893624,45775742
25893738,45775818
25893948,45775965
25893953,45775971
25897667,45780636
25897683,45780653
25897689,45780658
25897693,45780663
25897696,45780665
25897709,45780670
25897738,45780699
25897745,45780706
25897837,45780783
25897852,45780791
25897855,45780793
25897880,45780811
25897886,45780824
25897915,45780842
25897942,45780859
25897952,45574997
25898117,45781006
25898513,45781370
25898779,45781604
25898781,45781606
259062,251092
2591083,2768848
2591720,2611897
2591769,2611963
25918171,45807435
2592122,2612515
25924494,45815910
25937803,45835022
25937834,45835136
25937835,45835137
25937838,45835140
25937839,45835141
25937841,45835143
25937848,45835150
25937851,45835152
25937854,45835154
25937856,45835156
25937860,45835158
25937861,45835159
25937866,45835163
25937867,45835164
25937868,45835165
25937876,45835172
25937878,46819789
25938038,45835047
25938399,40734627
25938401,45835684
25938424,45835720
25938434,43640002
25940105,45837876
25940397,45838270
25940437,45838326
25940577,45838500
2594251,2615600
25942577,25741429
25942601,45841824
25942918,45842163
25942973,45842222
25942978,45842229
25942985,45842241
25943070,45842336
25943073,45838459
25943074,45842340
25943089,45842354
25943103,45842365
25943110,45842374
25943115,45842379
25943120,45842387
25944803,45844276
259500,251526
259598,1886015
259626,251649
2596481,41339164
25964955,45870964
25965546,40676815
259801,3020535
25982578,45893965
2598261,2621314
25982824,45894230
25982853,45894259
2598484,2621599
25986161,45898653
25986216,45898703
25986222,45898707
25986280,45898762
25986283,45898765
25986284,45898766
25986285,45898767
25986287,45898769
25986293,45898775
25986310,45898790
25986315,45898795
25986765,12999494
25986772,45899479
25986782,45899492
25986783,45899493
25986802,45899515
25986808,45899520
25986809,45899521
259920,251932
25997867,45913508
260094,252096
260095,694154
26025560,45949086
26026066,45949565
26030671,45956847
26030685,45956862
26030690,45956870
26030734,45956901
26031158,45957454
26031159,45957455
26031162,45957457
26031169,45957464
26031260,45957556
26031263,45957559
26031265,45957561
26031269,45957566
26031437,45957831
26031438,45957832
26031818,45958235
26033786,45960005
260387,252381
2604182,281852
2604407,2629053
26046482,45975969
2604884,2629530
2604983,2629629
2605070,2629716
260531,252519
2605972,3064436
26061560,41556782
26063222,45997496
26066813,46002496
26067478,46002923
26067501,46002931
26067619,46003334
26068020,46003755
26068070,46003798
26068072,46003799
2607210,2631857
26072966,26154250
26073038,46010345
26073061,46010367
26073118,46010412
26073120,46010414
26073153,46010441
26074097,46011443
26074140,46011470
26074141,46011471
26074148,46011476
26074168,46009933
26074192,42588302
26075973,46013377
26075979,46013383
26076714,46014122
26079602,46018253
26084419,46023316
2609302,2633949
260941,252911
260996,252965
261000,252969
2610652,368224
2610667,2635315
26109088,46054433
26109090,42009828
26109092,46054434
26109109,46054531
26109112,46054534
26109114,46054537
26109119,46054543
26109120,46054544
26109175,46054444
26109254,46054457
26109334,46054726
26109335,46054727
26113384,46060259
26113728,46060590
26113813,46930986
2611448,2636096
26116504,46063382
26116505,46062678
2612801,1200805
26130,3259531
26132792,46084034
26146355,46100746
26150435,46106433
26150587,46106438
26150772,46106690
26154079,46110764
26154225,46110909
26154391,46111081
26158605,46116141
26158710,46116278
2617587,2642242
26176611,46141593
2617684,6538045
26187593,46158111
261905,1181599
261906,1181599
261913,2556185
2619209,2643867
26192540,46165681
26192547,46165302
26192906,46166116
26192916,46166123
26192983,46166289
26196128,46170864
26196159,46170891
26196161,46170893
26196259,46170988
26196294,46171028
26196459,46171192
26198830,46175273
26198836,46175276
26198873,39290456
26202647,46179996
262050,254006
262054,254010
262066,19135698
2621269,2645928
26214,494315
262173,254127
26221428,46204385
262312,64742
26234423,46224041
26240587,46232806
26240600,46232814
26240601,46232815
26240641,46232852
26240643,46232854
26240659,46232869
26240666,46232874
26240667,46232875
26240679,46232885
26240684,46232890
26240695,46232900
26240705,46232909
26240882,46171164
262436,484830
262437,254382
262438,1819317
262442,254387
26244496,46238114
26244563,46238165
26244910,46238535
26245020,46238646
26245095,46238716
26245753,46239541
26245958,46239742
26245965,46239748
26245970,46239753
26246451,46240296
26247053,46241010
262471,264087
26257320,46255423
2625928,2650609
26259335,46257827
26263584,46262771
26265899,46266908
26266816,46267681
262741,1882680
262742,283947
2628740,2653442
26309382,46308676
26310393,46309852
26312553,46312605
2632775,2657482
26334722,46342013
263554,255485
263584,255515
263586,2263634
263587,3108656
2635959,2660670
263598,255529
263599,2900050
263600,255531
263601,1017226
263604,255535
263605,255536
263608,255539
263609,255540
263610,680907
263613,255544
263614,255545
263615,255546
263616,502312
263620,255551
263621,255552
263622,885273
263634,255565
263635,1331577
263636,255567
263638,255569
263641,255572
263642,1877253
263645,1888052
263656,255587
2636981,2661695
26371899,46375180
263727,255656
263728,542400
263729,1505388
263730,1978024
263748,255677
263803,255732
263839,255768
263841,255770
26393358,43272179
263960,2029611
26396178,46398806
26396182,46398810
26396184,46398812
26396195,46398820
26396202,46398822
263991,18982020
264001,1114147
2642142,3021331
2642151,822151
2642367,2667103
2643052,7152165
2644396,2669134
264462,256372
2645562,106529
2645565,2670304
2645814,2670553
2646706,206279
2647293,55548884
264763,256670
264766,256673
264792,256699
26481,625552
26482,2335785
26485297,46457674
264878,256785
264881,256788
26493551,46488206
2649356,170659
26496,1686257
265008,1668660
26510581,46503925
2651086,2675828
2651521,147858
2651562,2676305
26516171,46508642
26516176,46508647
26516182,46508653
26516189,46508658
26516190,46508659
26516191,46508660
2651822,2676565
26520843,46512880
2652089,2676832
265231,1305575
2652557,2677300
2653412,2678155
2653425,2678168
26543145,46542587
2654418,2679186
2654825,2679603
2654826,2679604
2654848,1167457
2655076,2679854
2656237,1171001
2657158,2681936
265750,1784447
2657784,1002830
265787,1249788
265795,145855
26586,260707
26586428,46608472
26586437,46608481
26586438,46608482
26587,448532
26587067,46608973
26587069,46608974
26588,27269
26590,27271
26591,27272
26592,45171228
26594,3025161
26595,448642
2659586,2684809
26597631,46637178
26598172,46638135
26598174,46638137
26598293,46638309
2661187,2686412
2661670,2686896
266171,258058
26618833,46656017
26619447,46656546
266204,50733132
266205,7179611
266218,74398
26623240,46659562
2662707,2687933
2662886,8181119
2663058,2688284
2664553,2689781
266676,258562
266682,792119
266689,2875878
266765,1181396
266794,258672
266832,1772109
2668387,2693617
266904,2564478
266909,1181397
26702065,46730429
2670523,222372
26716264,46745043
2671653,2696935
267218,3070796
26722927,46616648
26722931,46755949
26722937,46755954
26722943,46755959
26722945,46755960
26722954,46755966
26722967,46755974
2673876,2699165
2673877,2699166
267446,259289
267449,259292
267451,259294
267454,259297
267456,259299
267462,259305
267463,259306
267465,259308
267630,1045352
267634,1715067
267635,259461
267637,259463
267641,947151
267644,259470
267649,259475
267650,708582
267651,2051027
267657,2054183
267660,1448707
26777953,46002487
26778871,47268511
26778924,46799696
267883,591680
267888,2627318
267889,259703
26795342,41218008
26795357,46817098
26796138,46818390
26796307,46818752
26796325,46818785
26796518,46819099
267972,259783
2680024,2705326
26800718,46824110
26807978,46833869
268111,259919
26813380,46840554
2681467,6574354
2681470,2706772
268234,3243410
26827329,46857492
26827413,46857594
26827419,57999748
26832187,46863801
26836151,46869301
26836186,46869341
26848831,46885064
268565,2912184
2686113,2711436
26861970,46902244
26870849,46914459
26870858,46914475
26872590,46916767
2687495,2712820
26875552,46920475
26875633,46920561
26889416,46937855
2689001,2095752
26890712,46941014
26891408,46942352
26891485,46944275
268916,260684
268917,3215584
26892039,46944882
26892052,46944889
26892054,46944891
26892060,46944895
26892065,46944900
26892066,46944901
26892072,46944907
26892078,46944913
2689335,2714661
2689336,2714662
26893489,46945857
26893490,46945858
26893493,46945859
26893494,46945860
268939,448508
2689473,2714799
268955,573137
268956,17121965
268957,3355608
268962,17121965
268971,260738
268985,260752
268990,573095
268992,933505
2690593,2715919
2691069,2716396
269360,2091191
269418,261173
2695116,2811014
269537,2890361
269702,2562844
269710,600104
269713,600104
269784,1061285
269901,261640
270067,261916
270073,261809
270110,1312694
270127,3197290
270134,2642225
27013558,47062889
27015381,47064512
27015390,47064519
270198,261932
270201,2131195
270203,795141
270326,262060
27039894,47080537
270411,262143
270512,262244
270527,262257
2705881,2914785
2706239,2731723
2706245,2014468
27064328,47104874
27064348,47104897
27064352,47104900
27064355,47104904
27064356,47104905
27064357,47104907
2706564,2732057
27065877,47106361
27065879,47106363
27065884,47106368
2706818,2732311
27070086,47112546
27070088,47112548
27094,3186437
270942,262668
271002,933489
271003,262727
271026,262749
271053,14125328
271103,262826
27112416,47154176
2711299,2736837
2711313,2736851
2711338,86934
2712429,2737973
2712435,2737979
2712608,2738152
27130703,47168583
27130704,47168584
27130706,47168586
27130708,47168588
27130709,47168589
271310,3123253
27134685,47171885
27134686,47171886
27135068,47172199
27135124,47172255
2713907,2739453
2715066,2740624
271538,263254
2715397,2740956
27154693,47193166
271558,263274
271560,263276
27158837,47198277
2715957,2741516
27161202,47200525
271631,2869146
27164276,47203253
2716547,2025504
2716670,2742229
27170026,47206952
27172003,47208173
27172014,47208180
2718,6651
27180086,47217470
27180087,47217471
27180088,47217472
27180097,47217478
27180098,45322929
27180099,42523106
27180101,47217482
27190231,47232123
27190611,47232666
27204268,47245063
27204445,47245235
2720451,2746048
27204959,47245958
27206403,47247301
27206408,47247304
27206426,47247311
27206444,47247325
27206447,47247332
27206454,47247341
27206458,47247344
27206460,47247346
27206471,47247354
27206482,47247365
27206486,47247374
27206495,47247381
27206505,47247388
27206506,47247389
27206579,47247444
27206632,47247493
27206651,47247510
272080,339752
27209146,47250690
27209231,47250668
27209273,47250690
27209283,47203245
27209447,47250937
27209448,47250938
27210226,47251727
27210365,47251309
27210509,47252032
27211192,47252935
27214582,47256793
27214617,47256832
27214629,47256845
27221252,47264107
27230655,47247499
272343,264050
272372,264078
272373,2155067
272375,264081
27239936,49680542
272412,264118
272416,264122
27242442,47291235
272436,1061285
272447,264153
272448,264154
272449,2406235
27245926,47294297
27245931,47294312
27245954,47294462
27245995,47294488
27246836,47295875
27246857,47295897
27247069,47296153
272473,264179
27247476,47296531
2726742,2752354
27268328,47320846
27272248,47325697
27272432,47325953
27272478,47325999
27272488,47326007
2727398,2753025
27277199,47332249
27278278,44980085
27284686,47341910
27284687,47341911
27284689,47341913
27284694,46255423
272895,671846
2730074,2755709
2730632,1316342
27306947,47358446
27311339,47368118
2731336,2756972
2732620,2758264
2735237,2760886
273718,3205548
273730,265420
273735,267028
273761,265451
273762,267008
273794,265484
273796,265486
273797,3371671
2740021,2765674
27405347,47452601
2740568,40206861
27408119,47455794
27408122,47455797
27413036,47461958
27414361,47463534
27414368,47463536
27414370,47463537
27414376,47463541
27414383,47463545
27414384,47463546
27414385,47463547
27414387,47463549
27414388,47463550
27414398,47463557
27414400,47463559
27414401,47463560
27414402,47463561
27414408,47463564
27414414,47463568
27414416,47463570
27414417,47463571
27414419,47463572
27414420,47463573
27414430,42751971
27414433,47463578
27414435,47463580
27414440,47463583
27414441,47463584
27414447,47463587
27414448,46786755
27414453,47463592
27414459,47463598
27414460,47463599
27414464,47463602
27414472,47463608
27414477,47463611
27414478,47463612
27414479,47463613
27415403,47464413
27415451,43215991
27415789,47464815
27415964,47465051
27416130,47465199
27416136,47465203
27416207,46456827
27416358,47465416
27421170,47471146
27426098,47477502
27429404,47480919
2743031,2768709
27431021,47482804
27431978,47483799
27431983,47483802
27431987,45487391
2743541,25794770
27465906,57999387
27468652,47514404
274716,2669265
27478,28100
274948,266613
274973,266638
275000,1245366
27508688,47548187
27508739,47548241
27521,28139
275247,1085162
2752481,2410127
275313,266972
275320,266979
275325,218092
275332,2793389
275338,266997
275351,267010
275356,267015
275364,267023
275377,267036
275384,267043
2753901,2779601
2754093,2779795
275451,267110
275455,632627
275558,2219790
275583,267240
2756162,41220196
27579,28193
2758477,2784180
2759155,8482254
275985,267633
2760304,2786013
2761560,2787269
2763062,2788772
276553,268193
276554,2802493
276561,2260150
276575,268215
276576,268216
2766376,3186437
2766448,1904600
2768169,2793892
2769046,150316
276937,268570
276939,717482
276945,268578
2769554,6535117
2769649,2795373
2769723,2795447
2769817,2795541
2769831,2795555
2769833,2795557
2770067,2795791
2770168,2795892
27718,517524
277187,2410851
277188,535904
277189,2335829
27719,2506784
277190,1322254
277191,1603405
277192,1092293
277193,2210660
277212,1244343
2773591,651082
2774803,2800548
2776753,2802509
2776952,2802709
27774467,47750615
27774619,47750724
27779277,47756640
27781854,47758798
277857,269486
277858,269482
277900,1086856
277902,269526
277906,269530
27791901,47767955
27791902,47767956
278046,3043668
27806725,47786942
2781221,2806983
27812840,47792818
27812955,47792971
27813980,47794328
27817603,47798071
27817847,47798328
278204,895527
278222,269843
278234,2440567
278260,269880
278264,269883
278269,2087234
278275,11001
278276,269895
27828812,47809702
27828893,47809800
27833671,47815652
27833818,47815761
27833832,47815773
278435,270054
278546,270165
27858635,47847291
27863497,48673390
278722,1085580
27876147,2402163
27876461,46818785
27876704,1249788
27876753,47869512
27876762,47869519
27876828,47869577
27876864,47869601
278787,270401
27880,28476
27881290,47875463
27888612,45962198
2789263,2815030
27905565,47919918
27905566,47919919
2790942,3127712
27916086,47929256
2791898,2817669
279305,270912
2794457,2820230
279626,3124254
27969099,47972191
27969101,45320576
279692,3350842
2798159,2823948
27983507,47985611
2799692,2825484
280049,1209957
28007901,48015468
28008105,48015633
28008112,48015639
28008154,48015689
2800990,2826859
2801187,2827056
28016071,48026702
28016076,48026704
280240,271837
280242,2779577
280277,268824
2802994,50357872
280313,2766765
280317,271913
2803217,2829099
28053401,44937426
2805656,2831542
2805987,2831874
280870,272462
280896,272488
28092880,48095389
28110881,48119014
28110897,48119030
28111730,48120061
28114421,48123763
28114443,46669170
28114465,48123789
28114499,48123814
28114507,48123823
28114519,48123829
28114520,48123830
28114524,48123832
28114562,41249938
28114578,48123869
28114595,48123880
28118451,48129250
28118479,48129271
28118581,48129373
281220,272807
281223,272810
281235,1142982
281236,1889849
281238,1043332
281241,1823098
2813989,2953186
281485,273067
2815,6734
2815115,2841038
281530,134925
281593,273169
281610,273185
281615,273190
2816174,2999077
28168228,48182407
28169511,48183988
2817,6736
2817028,2842961
2818174,6264654
28183147,48204166
28186006,48207759
28186140,48207943
28186145,48207946
28186170,48207957
28186174,48207960
28186319,45757802
28186334,48208094
28186335,48208095
281894,273468
28190008,48213066
2819137,2113600
28193,2393579
28195,1567967
28196,2248029
28197,28777
28198,709056
28200,709055
28201,1663
282082,649853
282083,273637
28210996,48238921
2821541,2847634
28217011,48089991
28217757,48245368
28217808,48245426
28217813,48245429
28218944,48246816
28218950,48245426
2822781,2848876
28236322,48268280
282436,2984833
28245581,48280213
28250855,48287654
28250865,48287666
28250881,48287682
28250901,48287705
28250908,48287710
28250952,48287756
28250985,48287780
28251327,48288111
28251377,48288154
28251384,48288160
28256161,48294941
28256172,48294953
28256233,48295025
28256239,48295030
28256306,48295115
28256325,48295131
28256331,48295139
28256350,48295163
28256355,23852037
28256376,48295186
28256455,48295257
28256492,48295292
282568,274119
28258590,48298326
28259024,41456617
28259036,48298843
28259037,48298846
28259062,48298891
28259085,48297210
28259095,48298934
28259112,48297233
28259144,48298982
28260420,48300355
28260566,48300475
28260589,48300496
28260596,48300501
282613,281839
282631,1027510
282632,274183
282634,274185
28265512,48310061
28267015,48311801
28269196,48315362
28274845,48322332
28274858,48322343
28274867,48322350
282771,274320
282773,1824362
282775,274324
282779,274328
2829234,2855338
2829816,2855921
283019,274553
2830855,2677305
2831540,2857646
2832782,2858888
283300,441230
28330519,48372615
283359,1085096
28350,622236
28351,1579656
28358030,2113600
2836,2237401
28362008,48432407
28362071,48432561
28363891,48435627
28363945,47251727
28363946,48435690
28363950,48435694
28364156,48435941
28364297,48436077
2836571,2862677
283676,275202
283677,3080680
28371975,48451871
2839,2237401
284072,2938672
284089,275620
284092,2608959
284095,490505
284110,446566
2841699,2867812
2842572,2868685
28428590,48539085
284367,275884
28436714,45956901
28439241,48558339
28439554,48558644
28439616,48558372
28439813,42818672
28439845,48558971
28446325,48571532
284472,275985
28448245,48573974
28449045,48575044
28449252,46204385
28449260,48287780
2845,2237401
28450979,48577891
28450986,48577904
28450988,48577906
28450990,48577909
28450996,48577913
284512,276024
28458637,48593916
284598,276110
2846402,2872522
284652,276164
284659,276169
284663,276173
284665,276175
284666,276176
284723,276231
284727,276235
28473733,48612476
28473874,48612697
28476243,48617178
28477046,48618201
28477047,48618202
28478909,48620580
2848345,2874464
284897,276403
2849148,2875271
284939,760052
284946,2464345
2850058,2876182
28501489,48654569
28502764,48656107
28502766,48656110
2850311,3042469
28503852,48657235
28503853,48657235
28503858,48656141
2850394,2876519
28504442,48657851
28507895,48662472
2850799,2876932
28512515,48669385
285151,1359796
28515652,48673390
285219,276717
2852879,2879013
285336,825355
2854373,2880507
2854606,2880740
2854614,2880748
2854617,2880751
2855642,2881776
28560944,46857492
285659,2917560
285662,277150
285663,2395151
285672,277209
28567623,48727678
28567752,48727928
28567908,48728100
28568065,48728254
285687,2984919
285695,359311
285705,277193
285709,277197
285729,3220812
285732,2052451
285733,277221
285735,3012704
285738,2448334
285739,277306
285740,3302964
285744,2911618
285748,277236
285749,2253459
285750,2052461
285752,1086559
285755,277243
285756,2911645
285761,277320
285763,2052440
285764,2261538
285766,2448332
285767,277352
285768,3222245
285775,2052437
285776,567357
2857857,11076633
285786,2279557
285788,2052495
285791,2052444
285792,1086537
285797,1776373
285798,1013651
285822,3012716
285837,3010272
285844,3010304
28586748,48612697
28587650,48754874
28587974,48755215
28587982,48754845
28588002,48754858
28588003,48754858
28588025,48755244
28588028,48755247
28588031,48755251
28588033,48755253
28588040,48755259
28588053,46819230
28588054,48755266
28588095,42581617
28588099,48754874
28588172,48755343
28588173,48755345
28588346,48755550
28588350,48755239
28591,1586864
2859279,2885416
28592820,48761545
28592950,48761684
28593019,48761744
28593062,48761782
28593105,48761821
285943,1679789
28594336,48764160
2859449,2885587
28594983,48764160
28595028,41437187
28595064,48764874
28595082,1044256
28595925,45934396
286043,1103536
2860940,41930
2861040,41433707
286136,2079565
28615,742
2861515,2887655
28620390,48800319
28634912,48813310
28637453,18422489
28637454,48816003
28637455,45084358
28637457,48816006
28637460,48816008
2864426,2890567
28645651,48832476
28645670,48107115
28645673,48832492
28645676,48832494
28645701,48832509
28645717,48832520
28649915,48837495
2865008,2891150
2865734,2891879
2865813,2891959
286582,1912395
2865875,2892021
2865944,2330655
2865945,2892094
28665381,48854174
28665386,48854178
28665595,48854392
28665600,48854397
28665601,48854398
28665602,48854399
28665603,48854400
28686864,48881956
28686880,48882038
28686882,48882040
28686883,48882041
28686885,48882043
28686890,48882046
28686892,48882048
28686896,48882050
28686922,48882063
28686931,48882070
28686978,48881971
28687014,48882126
28687142,48882251
28687145,48882254
28687149,48882258
28687247,48882363
2868875,52944
286901,278345
28691874,48888644
28691900,48888678
28691903,48888682
28691925,48888698
28691943,48888713
28691944,42852865
28691962,48432561
28692023,48888787
28692029,48888794
28692032,48888797
28693716,48891404
28695418,48893193
28695422,48893197
28695473,48893243
28695553,48893318
28695840,48893563
2871397,2685281
2871817,2897972
2872613,44762010
287377,278809
287378,278810
2874727,2900890
28748,911606
287496,278928
2875454,2901617
2875456,2901619
28755374,48947088
28773072,48974677
28779732,48987657
2878637,1129150
28797122,49008525
2880324,2906533
2880444,2906653
2880594,2906805
2880624,2906835
28807752,49021453
28807785,49021488
2881389,2907604
28814780,49029890
28814781,49029890
28814802,49030826
28814845,49030873
28814927,49030928
28815476,45205239
28818242,49035552
28818245,49035556
28818272,49035582
28818276,49035586
28818278,49035588
28818282,49035592
28818300,49035609
28818327,49035638
28818354,49035667
28818366,49035680
28818704,49036102
28818713,49036109
28818766,49036152
28818768,49036154
28824330,49044630
28824475,49044822
2884758,2910986
2885038,1856834
2885358,2911593
2885556,2911791
2885604,631252
28857922,49087507
2885997,2912244
288600,50274980
2886232,1166960
28863276,49093860
28863341,49093906
28865,2180358
28869866,49102376
28869877,49102386
28869879,49102388
28869881,49102389
28869893,49102397
28873,29356
28875,29358
2887550,2913798
2888315,21420428
2889099,2915352
28894,29375
289026,2402163
2891303,2917558
2892106,2302776
28925231,49141034
2892611,2918867
2892833,2024779
2894127,47459674
2894697,2921010
28953044,49178043
28953419,49178496
28953509,49178615
28953811,49178919
28953937,49179027
28953953,49179044
28953960,49179050
28953965,49179055
28953966,49179056
28953974,49179063
28954058,49179132
28954062,49179136
28954096,49179160
28954098,49179162
28954101,49179164
28954119,49179179
28954122,49179180
28954131,49179188
28954134,49179190
28954169,49179208
28954173,49179210
28954177,49179214
28954183,42799863
28954192,49179218
28954197,49179220
28954216,49179226
28954227,49179229
2895575,2921967
2895608,3265026
28957063,49182779
28957170,49182887
28957292,49182999
28957375,49183076
28960157,49186876
28960179,49186894
2896157,2922549
28962955,49190486
28963662,49191289
28963877,49191543
28963887,49191554
28963889,49191556
28964168,49191920
2896443,41505457
28965128,49193183
28965129,49193184
2896652,2923057
2896661,2923066
28977,29451
289866,281235
289879,281246
289881,2829771
289940,281300
290131,1358908
2901773,2928911
29030,29503
290400,281741
290401,281742
290402,281743
290403,281744
290404,281745
290405,281746
290406,281747
290408,281749
290409,281750
290411,281752
290412,281753
290413,281754
290414,281755
290415,281756
290417,281758
290418,281759
290419,281760
290420,401893
290426,1890612
290427,281768
290428,281769
290429,281770
290430,281771
290432,281773
290433,281774
2904330,2931476
2904340,41800
290440,281781
290441,1940125
290442,281783
290443,281784
290444,281785
290445,281786
290446,281787
290447,281788
290455,281796
290456,281797
290457,281798
290458,281799
290459,281800
290460,281801
290461,281802
290462,281803
290463,281804
290474,281815
290475,281816
290476,281817
290477,281818
290479,281820
290480,281821
290481,281822
290482,281823
290490,281831
2904905,2932053
2904907,2932055
290493,281834
290495,281836
290496,3072158
290498,281839
290499,281840
290500,281841
290502,1363815
290503,2227698
290505,3072170
290506,281847
290507,281848
290508,2458356
290509,281850
290512,281853
290513,954763
290514,1811740
290515,281856
290516,2227762
29056315,49285776
2905808,2932958
29058875,49288411
29058876,49288412
29058881,49288417
29058898,49288427
29064279,43172257
29065122,49286020
29065944,49294765
29065945,45786894
29066412,49295260
29068867,49298146
29072399,1015554
29083,29554
29084,29555
29092951,48867496
29092965,49328487
29092967,49328489
29093197,1249788
29093304,49328763
2909655,2936820
2909656,2936821
290973,432327
29097606,49334482
290992,2958830
29101496,49339436
29101499,42818691
29101625,49339555
29102787,49340868
29102798,49340873
29102800,49340875
29102801,49340876
29102819,49340890
29102821,42818732
29102822,46532678
29102823,49340892
29102826,49340894
29102830,49340897
29102836,46116141
29102841,45761468
29102844,49340907
29102846,49340908
29102860,49340914
29102861,49340915
29102863,49340917
29102876,49340926
29102892,49340932
29102893,49340933
29102895,48322332
29102900,49340937
29102912,49340944
29102924,49340950
29102926,42852662
29102930,49340954
29102937,49340957
2911120,3042641
2911543,41930661
2911544,3228379
29124,1494484
291358,1416163
291359,1069947
291360,282679
291364,561807
291367,282686
291369,282688
291371,282690
291375,282694
291376,282695
291421,282739
291430,2669173
291431,2273306
291461,1103664
291462,1311719
291463,719376
291465,2487664
29150895,45835163
29152096,49403383
2916186,2943403
291768,1518539
291894,1969353
291961,283274
291966,1528085
2921082,2948317
2921083,2948317
292125,1567967
2921431,2948679
29214780,49448356
292186,283496
29221528,49457404
292250,2451299
2923343,2950664
29236560,49477921
29236595,49477956
29237318,49478871
292381,283679
292385,1286937
292391,283689
292399,283697
292410,283707
29241131,49484380
29241342,49484631
2925886,2071477
292654,2987303
292660,283954
292661,1099825
292701,1288567
2927626,2944560
29279220,49519853
29279221,49519854
29280247,49520790
2928384,19022004
29286,738062
29288,852774
29289,1752034
29290,974070
29291,103828
2929595,2957022
2929655,4639714
2930911,2958340
29313,29775
293191,1264660
293198,284486
2932411,2959858
29337291,55548884
29340342,49575232
2934112,2961560
293426,2305062
293487,3057587
2935807,2965195
29358489,49602143
293595,680304
293597,284885
2936121,2965512
29363224,49608646
29363357,49608771
29363377,49608792
29363381,49608796
2936607,2965998
29367333,49614973
293695,3017037
293698,284983
293869,285150
293872,285153
2938892,2968318
29394205,49647521
29394215,49647530
29403521,49656217
29403531,49656225
2941803,2971234
29429942,49694423
2943385,2972831
29434769,49701408
294362,285631
29439605,49707979
294417,285686
294418,285687
294419,285688
294420,817164
294437,285702
294439,285704
294442,1286367
29445199,49714195
29445205,49714202
29445208,45838069
29447719,49717477
29447823,49717640
2945032,2974478
294535,285797
294613,1221276
2946532,2975979
29467250,49743753
29467919,49744416
2946845,1111770
2946884,2976331
29476276,50460514
2947911,1264563
29491985,49776044
294939,286189
29496265,49782247
29496318,49782403
29501125,49788315
29501128,49788318
29501132,49788321
29501986,49789184
2950249,2979727
2950267,2979745
29506721,49795987
2951536,2981016
29520077,1044256
2953103,2982587
2953546,2983030
29537,29987
295371,286617
295419,1739185
295491,2141096
2955252,2984739
2955397,2984884
2955452,2984942
295619,286850
29563587,45125370
295662,6847686
295663,625157
295664,286893
295665,1922119
295801,1098801
295805,606397
295809,824543
295832,1142385
295834,581426
295866,287091
2959009,2988516
29595594,49931093
2960737,1139031
296125,1377688
296127,1990
2961865,2991375
2961895,2991406
296211,287415
2962345,1568685
2962639,2992151
296282,287484
29632243,49982320
29633655,49985004
29633705,49985050
29633854,49985192
29638065,49996713
29639463,49998502
29639593,49998655
29639773,49998886
29640274,45684334
2964197,10931
29653870,50016622
2965619,41398133
29657548,50540055
29662493,50028452
29662495,50028454
29662496,50028455
29662539,50028540
29662645,50028651
296680,1900417
296685,61494
2967349,505277
2968213,3165808
2968429,2159620
2968592,2998129
296887,2207890
2969237,2998774
296926,288078
297023,374189
2971152,1354531
2971552,3001791
297249,945340
297251,899428
2974057,3004376
29754357,50112881
29756824,50115661
2975870,2617009
297598,1210896
2976142,3006507
2976324,3006689
297671,1069597
297676,288816
297677,288817
2977194,3007559
297736,535520
29775347,50141386
29775375,50141414
297792,2146706
297891,807
29791092,50159139
297911,2250864
2979640,3010018
297982,289120
298022,289146
29807,30227
298070,289194
29811,30231
2981341,3011742
2981685,2419004
29822,30242
2982537,3012947
298495,289591
298498,289594
298523,289619
2985257,4639714
2986284,6464015
29866662,50235532
298667,3099079
298670,289765
298675,1653437
2986840,3017294
2986860,3017314
2986863,3897683
29873,30290
298730,2901348
29875410,50248268
29875411,50248268
29875412,50248269
29875415,50248272
29875419,46857594
29875422,50248277
29877903,50250485
2987831,778999
298790,289884
2988,6867
2988227,3018685
29890574,50264122
29893967,50269195
29902322,50276117
299069,290160
299071,290162
299085,290176
2991430,3021893
299339,290426
29934235,50321050
299344,290430
2993457,3023929
299353,290437
299358,290441
299360,3895
299384,41398086
29938979,50329635
29939780,50330331
29940755,50331392
2994160,3024633
29942156,50332865
299466,290540
29947,1371254
299559,290633
29957897,50350906
29957941,50350963
2996,3186437
299650,290724
2997866,2765786
299798,290872
2998,3186437
2998943,3029432
29991478,50394899
29993747,50399854
29996858,50403368
30002492,50406980
3000806,3031297
30008939,50417589
30011005,50419903
30011006,50419904
30014127,50422300
3002251,3032745
3002254,3032748
3002258,3032752
3002259,644500
3002264,3032758
3002269,3032763
3002285,3032779
3002299,3032793
3002301,3032795
3002311,3032805
3002320,3032814
3002325,3032819
3002346,3032840
3002400,3032894
3003,3186437
30037641,50441639
30037868,50441862
30037871,45074389
30037874,50441866
30037875,49584153
300380,291451
30038935,49470518
30039027,50443225
300394,291465
300395,291466
3003976,3034473
300398,291469
3004,25190466
300425,1055724
30051627,50460514
3006,3186437
3008,1313599
30080579,45838326
30083018,47830665
3009220,3039751
300946,1043197
30095473,46859873
300961,105086
30107585,50529897
301125,292191
301136,1410555
301141,1410555
30115845,50540280
30117,30518
30118,142009
301188,292253
301189,292254
30119,30518
3011964,3042497
3012,923151
30120,2501867
30121340,50548308
30122,41394
30123,6141076
301247,292312
30125,19157021
30128,3493211
30129,142009
30132,30530
30136,30530
3013815,3044356
3013928,3044469
30142141,50576266
30144490,50578136
30144656,50578291
301460,292524
301472,292536
30154652,50592654
30161660,50599290
30166601,50606076
301736,45331
3017558,63845
3017992,3048557
301898,2985196
30199433,50650496
30201160,50652462
30201162,50652467
30201334,50652787
30201495,50653030
30201506,50653041
30201511,50653045
30201514,50653047
30201531,50653060
30201539,50653064
3020156,1685291
3020180,3050747
30201884,50653460
302032,293096
30205595,50655850
30205995,50656180
30206048,50656224
30206049,50656225
30208471,47288454
30208804,50658517
30208809,50658522
30212392,50666530
30212403,50666540
30213121,50667230
3021316,3051885
302199,293263
302203,293267
30220406,48815970
30221246,50674850
30221337,50674942
30221338,50674943
302234,1181097
302237,293301
30227024,50686362
30227028,50686365
30227884,50687302
30227893,50687310
30227898,50081893
30227903,50687317
30227919,50687329
302321,396580
3023338,18323212
3023718,3054291
30250405,50718333
30254920,50725291
30254933,50725303
30254989,50725350
30255968,50727835
3026541,3057116
30267922,50743660
30268071,42752039
302684,293742
30268422,50744479
30268423,50744480
30268428,50744485
30268429,50744486
3027130,3057704
302722,293780
302761,1258731
30278707,50754358
30286939,50764316
302874,1684512
302896,293953
302938,293995
302949,2376121
30312547,50799344
30312668,50799449
30312685,50028651
30312747,50799503
30312782,50799521
30312797,50799530
303128,2543234
30312802,50799533
30312810,50799539
30312817,46116014
30312840,50799551
30312854,50799555
30312858,50799557
30312876,50799563
30312881,50799565
303136,288901
30313729,50800297
30317562,50807862
303183,294235
30320050,50810880
30320051,50810881
30330767,50826475
3033810,3064407
30338583,50837289
30340888,50840684
30341613,50842371
303434,2915243
303435,4699407
303454,1879
303455,1535598
303460,1878
303472,1880
30347616,50850617
3036252,3066874
30364127,50874368
30364128,50874369
30364136,50874380
30364153,50874398
30368957,50881373
30375419,50889769
30375421,50889772
30375425,50889774
30375754,50890185
303800,294835
3038077,3068701
3039015,1225592
303999,295033
304070,1826544
30408337,50935773
30422487,50948489
30422615,50948631
3045145,3075795
30453686,50971533
3047590,3078381
304845,3042469
304847,295863
304848,2473046
304853,1378887
304859,295875
304888,295904
304889,2708443
304895,894494
304917,4121
3049228,3080052
304923,295936
3049513,3080337
3049514,3080338
3049757,431494
304996,4121
3052914,3083808
30531524,51057131
30534500,51060993
30534504,51060995
3053663,1075923
305476,3580808
305521,296521
30555639,51102487
3056173,3087072
3056257,3087156
305631,296628
305637,296634
3056458,3087357
3056460,3087360
305662,296659
305666,383181
3057104,3088005
3058498,226428
3058775,3089677
305945,844158
3060118,3091023
306032,2225965
306076,297066
306107,377888
306119,297105
3061216,3092121
30613791,51146185
3062137,3260020
30652342,51196496
30652349,46927527
30652368,45595993
30652373,51196526
30652384,51196535
30653691,51198697
30653694,51198699
30653713,51198713
30653724,51198724
30653731,51198734
30653839,51198828
30653911,51198871
30653913,51198872
30653915,51198873
30653920,51198877
30653925,46786643
3066845,3097851
3067060,1738595
3067569,3098576
306808,2263710
30684816,51225544
3068583,3099593
30687869,51233654
30688020,51233800
30697,31040
307037,298011
307072,558603
3071614,3102634
307240,1356536
3073646,3104668
3073975,3104997
30754031,51302460
30758586,44165480
3076031,3107060
3076248,3107277
30764984,51321603
3077977,3241908
30780234,51368544
30780239,51368547
3078307,3109342
30812543,51400282
3081968,3113013
3082194,14213
308238,299195
3082451,3113496
3082973,3114018
30842391,51441757
308444,299400
30851255,51458866
3085142,3116207
3085182,3116247
308540,299495
3085789,3116858
308617,1096275
308630,2880113
30872,31204
3089910,261903
30900260,51530389
30940,31272
309480,973
3095038,3126181
309554,722651
30962057,51577232
3096859,3128006
30971640,51589424
30971648,51589429
30971733,51589475
30971736,51589477
30971758,51589496
30971760,51589498
30971778,51589508
309773,2988291
3097745,3128900
309780,657184
30983453,51606673
30991348,51617307
309954,300905
310039,300990
310042,300993
310043,300994
310070,300999
310094,301045
310133,4639714
31015093,51636913
31019568,51646544
31019617,51646654
31019828,51646881
31019833,51646886
310258,51286
310259,277308
310272,2069970
310326,301267
310449,493345
310453,301394
310456,301397
3105746,3136994
3107687,3138943
3108197,3139458
3110281,843214
3111957,3143235
311211,302140
311212,302141
31125552,51739336
3112657,3143939
3112733,3144015
3112847,3144129
31144995,51774684
31145010,51774695
31145018,51774703
31145029,51774711
31145031,51774713
31145032,51774714
31145040,51774720
31145049,51774727
31145060,51774735
31145066,51774738
31145078,51774743
31145080,51774745
31145086,51774750
31145094,51774759
31145098,51774761
31145111,51774769
31145118,51774773
31145119,51774774
31145128,51774778
31145131,51774782
31145142,51774790
31145180,51774818
3114608,3145894
3114666,959221
31146810,51776882
31146946,51777060
31146957,45581256
31147191,51777546
31147193,50269195
311479,1530651
31149288,51781007
31159205,51797129
31159611,51797941
31159617,51797948
31159620,51797951
31159626,51797955
31159629,45432791
31159631,51797956
3116247,3147566
31171561,51808948
311793,2230085
3118349,3149675
3119,6968
3119315,6843785
3120,2951411
312077,1019569
312079,302994
312080,824544
312081,752222
312083,452393
31213109,51867685
31213167,51867737
31213423,51867952
31213433,51867961
31213435,51867962
31213448,51867973
31213459,51867988
31213527,51868055
31213574,51868103
31213594,51868122
31213603,51868130
31213619,51868144
31213623,51868147
31213642,51868165
31213660,51868182
31213663,51868185
31213678,51868199
31213704,51868225
31215005,51870043
312183,303096
312189,303102
312190,725505
312197,303110
312199,303112
312200,303113
312231,1152
31226744,50557678
3124179,3155524
31242710,51896204
3124385,2948317
31246,31551
3124744,3252320
31247799,51904087
31247813,51904105
31247820,51904111
31247822,51904116
31247827,51904121
31247841,51904134
31252310,51909354
312542,2156072
31258103,51914246
31258127,51914292
31258137,51914299
31259052,51915196
3127635,3158997
31277777,51934154
3128709,3160110
3128710,3160111
31290569,51952705
31290574,51952709
31305478,51975580
31305487,51975588
31305496,51975596
31305539,51975634
31305548,51975643
31305551,51975646
31305583,51975680
313064,2912515
313066,303966
31311458,51983715
3131313,3162722
31314,1284702
31315,31606
31315554,51989285
3131723,24287
3131741,18943230
31319734,51992563
31319741,51992570
31319748,51992576
31319757,51992585
3132147,2180358
31324977,51996448
31324979,51996450
31325383,51996766
31327371,51998532
313329,304222
313332,452172
313335,304228
313356,2286863
3133562,3164977
313359,304252
313375,304268
3133752,3165167
313438,1405933
31363722,52048370
31371293,52060153
31371469,52060153
31371493,52060322
31371505,52060329
3137188,3168612
31374648,52063941
313784,304665
313788,1049459
3137945,259783
31379521,52070230
3138967,2441994
31390096,48815970
31394788,52087934
31409133,23738606
314131,304978
3141571,3173018
31420741,52112327
314229,18358819
31423177,49298146
31423286,52114985
31423413,52115115
31423417,52115119
31423544,52115177
31423547,52115181
31423550,52115183
31423555,52115186
31423563,52115193
31423617,52115241
31423675,52115290
31423676,52115291
31423679,52115293
31423680,52115294
31423681,52115295
31423683,52115297
314270,305116
314273,305119
3143,6992
3143104,2180358
3143473,3174940
314404,305243
314420,305258
31447896,52149668
31448946,52151767
31449215,52151767
31449225,52152074
31450790,52153651
31450854,52153699
31450935,52153772
31456,866909
31456756,52161728
31456757,25420253
3146,6993
3147011,3178502
31481,31724
31482,31725
31483,1369458
31484,31727
3148490,3180021
31486,31729
31488,31731
31491773,52183087
3149701,3181237
31498499,52188663
3149934,3181469
3150,121
3150003,3181538
3151,6997
315125,305961
3152165,3183711
31522122,52206885
3152463,3184010
3154081,18014786
3155707,2564478
3156,1733579
315608,306440
31563,31798
315738,306570
3157785,3189493
3157876,3189584
3157940,3189648
31579907,52270556
31579908,52270557
31579909,52270558
31579986,46116278
315825,2702569
315826,306657
315828,863308
315849,306680
315851,2988976
315858,306689
315862,1676914
315882,306713
315885,306716
3160821,3192544
316113,306943
31620951,52297983
31620952,52297984
31625792,52307882
31625793,52307883
31625794,52307884
31625795,52307886
31626023,52308315
3163259,3195091
316418,307244
31646,2379261
31647,2379261
31648,10375958
31649,2379261
31652,31879
316569,2497143
316573,307396
316574,307397
316575,266965
3166990,3198871
3167371,3199274
3168029,3200099
316804,2799480
316805,1235255
316808,307629
316891,307712
316892,2980817
316896,1925517
316904,307725
31702735,52384448
31706497,52389099
31706500,18620713
31707318,52390196
3171136,3203269
3171606,3203742
3172655,3205092
3173438,3205888
3173439,3205889
31743004,52412004
31743096,52412076
31744,31965
317505,1109541
317520,1059917
317717,308512
317813,308607
317862,1527769
317872,308665
317970,308760
318006,308796
3181192,3213906
318426,781906
3184990,3217852
31851108,52521615
31852012,52522627
31852013,52522629
31852015,52522629
31857973,46914475
31862015,52529898
318634,2933942
3186693,3219604
3186807,3010381
3189412,3222358
3191438,25246
3191536,3025815
3192561,3290453
3192597,3225636
31932151,57997938
31933002,52587947
31934016,52588915
31934478,52589332
31934485,52589334
31934705,52589535
31934706,52589536
31934708,52589538
31934710,52589540
319382,2962085
31939796,52596604
31939800,52596608
31939807,52596615
31939812,52596619
319434,2310346
3194431,3227483
31944713,52603383
31944799,52603463
31944805,52603469
31944949,52603605
3194650,3227710
31952702,52613182
3195416,3228494
31964,1703722
3198720,3231917
3199008,3232220
319975,310736
319976,1550630
3199926,3233143
3200616,41823
320100,2105973
320105,1994421
3201470,1194788
3201498,1194765
320154,672428
320220,1137763
32024917,52666155
3203897,3237225
32049038,52688617
32050089,52689581
3207059,121054
320749,311486
3207566,3241076
32077540,52726255
32078585,52727437
32079970,52729322
32080175,52729534
32080176,52729535
3209002,3242539
3209610,3243193
321113,311847
321171,311904
3214170,3142591
32144658,52779289
3215096,3248936
321578,797298
321588,3014291
3216938,3250877
3216941,3250880
3216945,1857996
3217358,3251297
321771,578983
32179015,52816132
32181661,52819425
32184,32384
32188541,52828531
32191862,52832741
32198,74395
32198259,52841464
321985,312700
32201,32401
3220310,1857999
3220318,3254324
3220324,3254330
32204328,52849973
32204620,52850117
3220999,3255025
3221002,3255028
32210943,52854602
322343,1015554
322351,816361
322352,816361
32240,1754273
3224268,3258361
3225153,3259257
3226235,3260386
32284101,52911713
32284102,52911714
32287756,52915286
32287850,52915377
322920,1736573
32295581,52923162
32300,32492
3230059,3264447
3231457,3265864
323152,694825
32319716,52951131
32319718,52951133
32319979,52951392
32319991,52951401
32322210,52954419
3232441,3266877
3232495,3266931
3232674,3267110
32333016,52969305
32333137,52969413
32333161,52969433
32333169,52969441
32333170,52969442
32333249,43059382
32333260,52969506
32333273,52969517
32333285,52969524
32333287,52969525
32333289,52969526
32333291,52969527
32333298,52969531
32333301,52969532
32333304,52969533
32333317,52969541
32336836,52974002
32337619,52974642
3233796,3268249
3234424,3268899
3234580,3269055
323547,314252
323548,2169700
3236177,3270669
3236223,3270724
3237364,3272006
32374,32564
3238642,3273289
3238812,3273459
3238816,3273463
323888,314591
3240053,3274738
3240575,359486
3241010,3275711
3241368,2180358
3241897,3276604
32425,32607
324277,984147
324377,2998976
324378,3017146
324379,1893213
32440,32612
32450,359548
324528,315223
3246729,497745
3246957,3281723
32470600,52849700
3248528,3283538
32487639,53077028
3249053,1441544
3249090,18818526
3249123,3284145
324974,4432325
32498545,53091319
32503910,53098750
32508688,53105384
32510153,53107637
32510161,53107648
32510174,53107676
3252778,3287943
3252893,3288060
3252897,3288064
3253100,3288267
325414,2007422
325415,1435478
325416,518536
325418,316080
325421,803204
325423,316085
325451,316113
325466,2993523
3255061,2049126
325596,316246
325636,769688
32570454,53147581
325730,1295451
325740,316385
3259956,1358908
3261276,3296573
326191,316834
326195,316838
32622462,53211093
32623532,53212449
32623538,50882562
3265484,6512800
3265876,3301201
32661987,53231918
32671300,53244231
32671333,48322343
32671342,53244277
32671344,53244279
32671984,53245101
3267212,3302543
32672753,53246152
32672760,53246157
32682126,53256401
326893,1362424
326896,1229825
32700995,53276609
3270104,3305445
327079,317719
32711708,46914587
32711711,53291514
32711716,48322350
32717294,53298466
32717295,53298467
32717296,26484735
327194,317832
3272054,3308238
32721821,53303988
3273380,3309575
32735550,53325568
32740589,53332417
32766776,53360497
32767186,53361109
32777609,53787744
3278963,3315264
3278965,3315265
32792737,53386832
3280062,3316365
328012,318643
328016,318647
32802770,53399381
32802771,53399382
32802772,53399383
32802773,53399384
32819894,53421249
32821139,53422311
3284192,3320520
3284220,3320548
32842457,53445067
328439,319066
328464,44775
32849,32980
32863,32994
3287682,3324054
3287761,3324133
328802,319425
3288106,3324521
328884,2199176
32898524,53512093
329002,319621
329054,46780
329117,319732
3291344,1366740
3291372,2299540
3291483,3327970
329162,319777
3292044,3328537
32923,987048
329269,319879
32929,1086867
32935,1086867
32936,33054
3293749,3330257
3293821,3330329
32940857,53562381
32941340,53563030
32946292,53787744
3294996,3331599
3295446,3332050
32955,1594
32956666,53589796
32957183,53590387
329616,1414135
32970545,53607604
32971740,53608769
3297329,2061580
329735,1674375
329736,374488
32974,33082
32975,33083
32976,33084
32977,1305105
32978,151511
32979,151480
32980,33088
32981,33089
32982,900348
3299487,496236
3299491,194474
330,4645
3300083,3336834
330053,526468
33009276,55548884
3300932,3337721
3301072,3337861
33016249,53652027
33027457,53683599
33027825,53684100
33027826,53684102
33028,1918734
330321,320896
3304188,3341020
3304189,3341021
3304291,7492729
33049,33156
330515,321094
3305505,3342578
3306867,1200805
3307776,3344968
3307780,3344972
3307810,3345002
3308831,3346046
3308834,3346049
3308845,3346060
3308853,3346068
3308857,3346072
3308859,3346074
330918,321491
331122,321692
331128,2343027
331130,321700
3311431,852905
33114444,53778346
3311514,3348742
33115314,3464264
33120612,53787744
3312436,3350030
3315140,3352783
3315169,3352814
3315246,930149
33155642,46914459
33158525,53851680
33163368,53855716
3316472,3354137
3316863,6237987
331701,1986645
3318042,3355755
331820,322371
3318315,3356060
3320495,1989703
332100,322647
3321527,3359334
3321722,3359534
33225520,53932503
3322808,3360625
3323157,3361025
332319,879798
332329,716436
3323764,3361646
332411,322954
332575,2600034
3325808,3363756
332630,323165
3326542,3364516
3327340,3365327
3327347,3365334
33275685,53998278
3327944,3365932
33282,33365
33282947,45838500
3329439,2042814
333016,323548
333116,4030720
33312948,54052317
333182,323714
3331821,2768848
3331850,3369874
3332183,3370207
333316,57370
333317,1177771
333322,490511
333323,594841
333364,323894
333365,2362322
333366,3044596
333404,323934
3334563,6874450
33357554,54097288
333686,324209
333735,3065308
3337357,3375502
33376255,54117214
33376257,54117215
333768,2299540
3338001,3376211
33385224,54129459
33385246,54129480
3339302,3377528
3339637,3143235
334012,324508
334025,324521
3340645,3378923
3340980,3379259
334112,268824
33413559,54172159
33413896,54173013
33413919,48265702
33414849,54174621
33414850,54174622
3342821,3381119
3343204,3381503
3343248,2218229
334477,3234123
334484,1098801
334485,1098802
334526,1407112
334583,1644098
334595,325079
33461,875438
334661,3342623
334744,325224
334804,1715169
334805,3138582
334806,1888357
334809,647127
334811,325291
334818,929936
334819,325299
334833,2032592
33506796,54267221
335087,325563
335131,324576
3351695,3390166
33518589,54281720
33529,33593
33530,33594
33534032,54299441
33534046,54299449
33545110,54315536
3355060,3393568
33552866,54327659
33571701,54373891
33571702,46914559
3357906,3397062
3358696,3397853
3358796,3397954
33589941,54402860
335958,326425
3360369,3399602
33605561,54424384
33606292,54425299
336063,326530
33606658,54426135
33606665,54426142
33606674,54426152
33616,33669
336161,502982
336162,3144982
3363617,3402914
33640495,54491604
3364621,3403929
3367827,3407164
3367830,3407167
336862,3290097
337170,327587
337412,2968791
337425,2146832
3375131,776003
337537,1071104
3375373,3414908
3377988,3417530
33784360,54670110
33784361,54670112
33784617,54670432
33784847,54670768
33784854,54670775
33785212,54671268
337879,328291
33788074,42752039
337882,328294
33792056,54684235
3380658,2914734
3381197,3420845
33828095,1069597
3383484,3423163
33836786,54768910
3384002,3423688
33867,33893
338674,329076
3387152,3426922
3387171,3426941
33877154,54838338
3388147,3427917
3389077,3428936
33891271,54851479
339040,2694257
33913948,54879657
339164,329562
339178,329576
33917882,54883781
3392001,1513337
3392898,3432772
33938936,54909110
33960518,54937601
33961368,54938784
33972789,54958588
3398418,3438431
34002068,54999261
34002070,54999264
34002074,54999268
34002075,54999269
34002121,54999304
3400360,3440380
34006773,55003673
340101,330488
340102,330489
340104,330491
340105,2769690
340106,330493
340107,330494
340108,330495
3401089,3441151
34014650,55011553
34023602,55022482
340321,1035259
34045334,55051876
340489,330875
34051898,55060979
34052891,55062258
34052898,55062267
34053,2475078
34057229,49008555
3407422,3447625
3407452,3447655
3407456,3447659
3407565,3447768
3407572,3447775
34077603,55088499
3408,2029622
3408251,3448472
340827,331204
3410365,3450618
34106336,55130853
34107177,2402163
3411376,3451629
34129054,55165374
34129063,55165389
34137106,55174398
34137183,58139718
34139162,55176486
341427,331796
341487,52268857
34154,34163
341554,670788
3418156,3458605
3418598,3459051
341865,1727884
34196081,55233049
3421371,3461879
3421373,3461881
3421896,3462407
34220849,55272549
34220851,55272551
34228241,55281979
34228276,55282010
34228336,46818390
34228372,55282069
34230867,55286073
342551,955114
34262,1625130
34264,34270
3426685,3467525
34268,1358908
3427359,3468211
3427361,3468213
3427542,3468405
34285,2001550
3429644,3470539
3429802,3470697
342994,1773894
3429944,975095
343000,333354
343002,333354
343061,333409
343091,2406228
34324,34323
343243,333590
343265,333612
343280,333627
3432815,3473812
343301,878204
3434961,3475961
343718,1397270
343804,334145
34381550,55469912
34415916,55518958
344189,1760187
344210,334549
344332,334664
34437720,55545856
34443968,55552873
344458,334789
344478,334809
3445011,1732152
34455798,55569748
344579,334909
344581,334911
344720,335049
34504361,55758109
34507448,55633274
345183,817932
345188,870737
34523572,55657999
34524,34495
345370,335680
345450,335760
345906,336211
345976,370143
345981,1011499
34601,2204834
34608694,55758109
34621751,55778188
346279,336579
346290,336590
346291,1893391
346292,3211862
346293,2017413
3463007,3504291
3463308,3504593
346381,336680
346400,336699
3467394,3508696
3467435,3508737
3468473,803204
34687,34658
346952,1034826
347151,3234038
34740357,55929322
3476466,3517795
3476560,3517889
3479278,3520607
34793,2988305
348044,338331
34828626,22020309
3484385,3525786
3484669,2402163
348489,338774
3485600,3527008
348564,1132
348565,2686610
348566,3155723
348567,338848
348573,802336
3486558,3527973
348840,52268806
34898,3217669
349041,339316
349043,339318
349048,339327
349075,2028676
349129,339403
349170,339447
349188,1877305
349191,339465
349236,339510
349296,339568
349389,339659
349440,50167901
349463,339731
3495540,3537149
349580,339847
349583,1835888
349664,339931
350410,340659
35046052,51870043
35072626,56369776
351018,759671
351023,341267
3511702,3553394
351229,2062060
351230,433487
351236,341469
351530,692587
351624,2008128
351701,341932
35174934,56508724
351979,342208
352179,6573245
352186,342413
352262,1484561
352263,342490
352265,2267737
352266,342493
352284,387637
352295,1390866
352298,2267728
352299,342526
352322,3234357
352421,342646
352605,342830
35267,3284436
352701,454134
352702,1898567
352803,343025
3528038,3569815
35280748,56641965
352945,343165
353047,343261
35305,21736605
353324,343535
3533309,3575230
353369,343579
3533696,3575654
353562,1193380
3535944,3577907
353818,344019
3548278,879886
3551100,3593186
3551338,3593445
3551831,9433953
3552023,3594131
355281,345467
355405,345589
355582,3024251
355583,345763
355585,345765
355586,496038
355587,875489
355588,4378792
3555889,3598018
355589,3027939
355590,875433
355591,875488
355592,875483
355596,345776
355597,345777
355598,345778
355601,345781
355618,2141062
355620,2141062
355634,345814
355636,3018584
355637,345817
3559349,3080337
3559470,3601635
355951,346125
356060,1170010
3562,1223124
356273,1601410
356307,3903
356321,2682241
356388,346559
356390,1289871
3566107,3608305
356627,346794
35666613,45838069
35669801,42095539
3567056,3609256
3570,1145606
357020,436207
357029,596404
357477,49439
357531,347683
357648,347799
357664,25169
357683,2946564
357746,347891
357766,347911
357829,1933382
357830,2406229
357839,538131
357840,347983
3579,7365
357936,2983053
357947,2011214
3580,7366
35805,35731
35806,1325197
35807,2263735
358154,348290
3583221,526470
358488,3175715
3585548,3627809
359030,20583
35905318,42095539
359061,250126
359062,2056462
359079,2056462
359082,21478983
359083,2056462
3592,7376
3592566,3635233
359257,349379
3592758,1421885
35958,2188774
3596069,3638751
3597820,3640508
359787,349904
359790,777687
359797,349914
359800,349949
359801,17187318
359804,349921
359825,349942
359828,349945
360193,350309
3601939,3290453
360265,350379
360278,350392
3607393,3650123
361423,2451112
361487,3007313
361716,351815
361718,351817
361719,47894
361728,351827
361729,351828
361783,1749494
361786,1680174
3618343,3661115
3618924,3661696
362026,2798522
362196,352291
362199,1152582
362428,352522
362472,352563
3624805,3667602
3626273,3669070
36277,36183
36280,36186
363032,353116
363037,659016
363042,353140
363075,2755970
363087,353171
363270,353345
363271,3145757
363275,353350
363286,2089683
363287,3010035
363288,578884
363292,1993271
363293,353368
363295,353370
363302,2992224
363303,2026399
363304,353379
363306,353381
363309,353384
363310,353385
363312,392098
363314,353389
363318,353393
363322,353356
363326,353401
363328,353403
363329,3039791
363331,353406
363335,353410
363336,353411
363341,252533
363342,432329
363344,353419
363350,353425
363360,2558975
363364,2181756
363404,2239329
363415,353490
363418,2224047
363424,353499
363425,1177187
363427,353502
363428,353503
363431,353509
363446,353521
363458,353533
3636,2543234
363612,2809016
363747,353818
3638,514458
363973,1287577
364062,2995540
364063,1167145
364190,247944
364201,354269
364207,354275
3644,122
364588,3237463
364662,354703
365015,1907841
365026,355066
365045,355085
365047,355087
365058,596844
365061,355101
365591,355621
365594,355624
365619,2146123
365980,356006
366121,3538188
3662368,3705589
366300,3709156
36635,2353422
36636,2440725
36637,1145979
36638,856203
36639,36544
366409,3234168
36641,1425809
36642,36547
36644,3366948
366513,3350083
36665,1987194
366709,2895153
366712,1920777
366743,353139
366753,356761
366865,356873
366977,356985
366978,356986
367018,63708
367120,357126
367692,7608041
367847,357838
367851,357842
367852,357843
368195,3109646
368196,3109645
368440,351811
3685,4639714
3685047,3728445
368564,358549
3687312,3730736
368883,358868
3689932,3733374
369005,358987
369007,1059917
369307,359286
369309,359288
369321,359300
369353,359332
36944,36849
3694726,3738213
369549,359526
36956,3181735
369967,1865600
369997,359972
370020,3291125
370021,359996
370124,360098
37024,36929
370343,890083
370361,360332
370493,30530
370565,639745
370684,51898
370723,360692
3709710,3464264
371043,361010
371044,361011
371047,361014
371048,361015
371050,361017
371052,2302777
371053,361020
371058,361025
371059,361026
371061,47821
371064,1955094
371065,361032
371066,2302758
371067,361034
371068,361035
371071,2162288
371075,361042
371076,361043
371077,361044
371080,361047
371081,361048
371082,1363813
371083,2060487
371085,1372970
371087,361054
371088,361055
371089,361056
371090,361057
371091,361058
371092,361059
371094,527364
371095,561301
371096,361063
371097,1507662
371098,361065
371099,361066
371100,1937044
371101,361068
371102,361069
371103,1194798
371104,1200563
371125,361092
3711293,3754858
371136,1384549
371138,2016907
371143,2969231
371149,2440582
371150,361114
3712389,3755970
371329,361292
371371,361334
371423,361386
37186,822151
37187,843214
37189,37083
37190,1508178
37191,1735926
37193,1508178
37195,37086
372204,362143
372207,362146
372317,362256
372319,362258
372358,362296
372366,362304
372367,1375697
37238,37127
372638,3080688
372640,362574
372643,3372195
372654,362588
372655,362588
3729060,2302767
3729061,1194777
3729062,226353
372986,362904
373085,363002
373379,363294
37356,1382526
37377,37262
37379,37264
37408,361504
3741,1429939
37419,4121
3742,922295
374242,3059170
3743,833487
3743168,3786988
374430,364313
3744492,3788320
3744599,3788427
3744613,3788441
374477,364352
374480,364355
374495,933973
374706,1239
37509,37373
375108,364978
375162,2965513
375165,365035
375166,391441
375711,2979802
375712,365573
375899,977376
375901,1920769
375902,3350640
375912,460948
375915,3350638
375930,3337571
375950,1132457
375954,2171059
375980,365837
375985,365842
375986,1717691
375989,2564928
375990,2565303
376024,365880
37610,37453
376122,365977
3761367,3805273
3764075,3807989
37673,3252320
37674,3252320
37676,3252320
37684,45074241
376927,2755988
37702,55548884
37704,535245
37712,21402399
37719,21402908
37731,3231118
37732,4121
37737,222372
37738,244031
3773804,46748592
37739,2630133
37740,160962
37741,879886
377468,45962572
377525,1993810
377530,367366
37755,1217661
3776,1505465
37760,37544
377602,367437
37761,1177683
377741,367576
3778463,27369503
377889,859023
377890,367725
377891,1122811
377893,1447525
377894,367731
377895,1533614
3779,1505465
378,1782584
3780,19212633
378162,368004
378164,367999
378180,368015
378189,368024
378192,368027
3782,1391500
378209,368044
3783,762703
378346,368181
378356,855718
378393,1023538
3784,3842612
378518,1452833
378519,2651547
3786,1505465
378653,368483
3787,7532
378751,368581
3788,1008342
378990,368813
37909,1178104
3791,2015251
379179,368997
379370,2220870
3797,1737278
3799,2015277
380041,369846
3802,2015267
380292,2071224
380431,999235
380645,1488774
380680,370475
3808133,3852340
3808135,3852342
380999,370790
381131,370919
381228,2038903
3812507,3856779
3814342,3349054
3819244,3863540
3820177,3864482
382093,371870
382229,372008
382327,372104
3823867,3868222
3824435,3084097
382517,477146
382640,372411
382818,12556
383010,2033890
3830598,3875265
3832087,3876832
3834167,3878957
3834767,1059917
3836854,1026679
3837521,544452
3837713,1026656
3837800,1075882
3837898,1075923
38418,38188
38419,38189
38421,38191
3842383,3887319
3843747,3888698
384561,374292
384562,443065
38464,38230
384644,8018035
384749,374480
38486,417336
384896,374627
385084,374811
38512,38274
3851277,3896276
3851319,3896318
385246,3159194
385247,2615068
385248,113746
385249,9921
385250,374972
38528,807407
38533,3257147
3854220,3899304
38565,38327
385902,375600
3859259,1738595
38600,38362
386029,2375385
386040,47234609
386132,194262
386138,48161719
386176,375866
386203,375885
386207,375889
386209,375891
386210,375892
386212,375894
386227,3012918
386229,375909
386234,375913
386240,375919
386244,105046
386245,3159194
386272,375948
386286,778444
386311,375978
386312,375979
386315,375982
386318,375985
386323,375989
38633,3186437
386343,3349054
386362,2237401
38638,3186437
3864058,3909238
386417,1835542
386421,558538
38643,1313599
386465,6582437
38647,21403100
3864843,3910029
38672,1358908
38673,38424
38674,41296819
3867454,991748
3867495,1780749
38675,1358908
3867513,2400388
3867539,1600217
3867588,1841928
38676,1358908
386765,376411
3867990,1076054
3868025,881304
3868082,980577
3868133,5140946
38685,26535675
38686,53529598
3868903,1076032
3868922,6526492
3868950,2190148
38690,2375385
38691,2375385
3869101,310736
3869130,1514463
3869171,544373
3869184,1219196
3869215,544374
3869279,1550630
38693,2237401
3869309,753638
3869334,544404
3869374,42375283
38695,1679789
3869647,1075981
38705,2912944
38706,3316956
38707,3339319
38709,1679789
3872116,3917308
387241,41330455
38735,38467
387369,377005
387370,377006
387425,377059
387461,377095
3875427,1409880
3875486,759671
3876624,3921864
38769,38497
388045,377669
388100,377724
388307,531144
388308,377932
3883458,3928729
388358,979678
3883699,3928970
3884,7608
388757,378376
389058,3284191
389065,3284191
3891556,3936856
389235,378852
389361,378978
3894959,25084809
38951,515072
38954,38683
38960,38688
389621,379238
389623,1810825
389627,2617009
389633,379250
38969,38697
38974,38702
38977,1162928
389797,379413
38986,38710
389896,379510
389902,379516
389903,379517
389908,379522
390483,380098
390575,380187
390580,380192
3906618,3951954
3906643,3951979
390733,1076301
390734,380345
390737,380348
3908591,3953961
391028,380639
39106,38816
391076,2216647
3910866,3956268
39134,38844
3914340,3959768
39154,38864
39158,38868
39160,38870
391719,381325
391805,1557050
3918750,3964198
391931,738798
392103,1994928
392176,381777
392604,870803
392616,382200
392629,382213
392830,382402
392855,382427
393085,1453121
393087,382654
393095,382662
393135,382697
393156,192231
3932530,1429939
3932603,2245507
3933510,3979066
393369,1286849
3934068,3979624
3940051,1358908
394026,383580
394237,383788
3943162,3988776
3943506,3989120
3943540,3989154
394448,383986
394563,384093
394567,384097
394659,518657
394660,384188
394661,642725
394662,384190
394663,384191
394664,384192
394665,384193
394667,642607
394683,1672323
394758,2799196
394759,384283
394770,618237
394771,2485055
394772,795131
394920,384442
3949553,3995197
39518,39225
3952267,14686070
3954298,3999981
395595,1168344
395663,841594
395868,1469251
396239,385726
39641,39345
3966534,417336
39672,39376
396894,1956468
396895,1549522
397020,386494
397150,1366362
397157,715828
397190,386661
397277,386746
397279,386748
397320,386788
3974883,4020642
3975842,4021617
397637,387100
39777,39479
39779,39481
39783,39485
39788,39490
3980,1384549
398134,1008672
398218,1358908
3985056,4031038
398544,387994
39855,39557
3985654,4031639
3985697,4031682
39861,39563
39876,39578
398857,388305
399040,388487
399067,3355257
399068,388514
39928,39630
399592,389029
399593,389030
399596,389033
399597,1089357
399598,841600
399600,389037
39963,1207111
39978,1142794
39980,39678
399806,2227699
399808,389242
399850,389284
3998670,15534896
39987,3829365
39988,1015554
3998943,4045153
3999038,4045259
3999244,4045469
399934,389368
399936,389370
399937,389371
399938,389372
399939,389373
4000472,4046697
4000559,4046784
400309,389736
40042,39736
400502,389923
4006858,4053213
400703,390123
400760,390178
4008009,4054365
40081,2903818
40098,39786
4010047,4056408
401035,1281006
40106,2895197
401129,3160028
401276,390684
401679,731703
401709,391113
401730,2216648
401732,391136
401769,391173
401785,391189
4018570,4065050
401900,1557665
4019640,4066122
402009,1216977
402010,1655800
402024,1333104
402025,76943
402026,1738344
402032,3186437
402036,1124501
402061,391458
402073,716623
402074,929936
402105,186325
402114,489077
402115,39217009
402141,839241
402325,1111236
402462,391852
4027389,4073943
402802,392190
402861,1656486
4030806,4077398
4033106,2940896
4033199,4079793
40365,40015
403722,2856953
403768,393146
4038949,4085904
4043094,4090075
404398,393770
404399,393771
404402,393774
404657,925975
404676,394033
404864,2904658
404879,1437178
404887,394243
404977,1295781
404978,725103
404979,720558
4051623,1484561
4052969,4099985
405334,2344153
405414,394764
405794,2814266
406356,672429
406625,395955
406674,396003
4067074,4114172
406790,2891461
406791,396119
407129,1509376
407131,396455
407136,396460
407138,396462
407140,396464
407226,396550
4074100,4121247
407429,1814587
407495,396815
407497,15386753
407842,397149
40787,221658
40790,557463
40792,40377
40801,3034788
4082037,4129184
408766,398070
408767,1644943
408768,398072
408769,2121473
408770,398074
409163,448604
409279,398572
409320,2006907
409344,398637
409371,810485
409373,1988926
409652,398940
4097414,4144563
409892,399179
4098929,4146086
409921,399207
410009,1975418
410304,2057093
410306,2054854
410307,2054853
4103376,4150542
410743,400022
410913,502794
411160,3043272
411161,400426
411205,417336
411327,749824
411328,400591
411329,400592
411446,400708
411482,1644912
411484,120907
411505,870702
4117,2745
41174,40753
411830,3069671
412088,1299616
412128,401370
412174,401416
412185,401427
412191,1286930
412192,401434
412238,3244376
412240,401482
412255,401497
412276,401518
412277,401519
412298,401540
412347,401588
412348,1286926
412353,401594
412358,401599
412361,1286935
412363,401604
412378,401619
412382,401623
412383,401624
412387,709978
412388,401629
412390,401631
412391,401632
412395,1676174
412399,401640
412402,401643
412413,1286861
412509,401750
412587,401828
412588,401829
412590,401831
412595,2708413
412596,401837
412597,401838
412601,401842
412602,401843
412603,401844
412604,401845
412605,401846
412606,401847
412607,401848
412611,401852
412613,401854
412615,401856
412616,401857
412617,25100
412619,1032570
412620,401937
412621,401862
412623,401864
412624,2909499
412626,401867
412628,401869
412630,401871
412631,401872
412633,401874
412635,401876
412636,401877
412637,401878
412638,401879
412641,13940919
412643,401884
412644,401885
412645,401913
412646,401887
412647,401888
412648,401889
412649,401890
412650,401891
412651,401892
412654,401895
412655,401896
412656,401897
412658,1453122
412659,401900
412660,401901
412661,401902
412662,401903
412663,401904
412664,401905
412667,401908
412669,401910
412673,401914
412674,401915
412677,401918
412682,401923
412684,401925
412688,401929
412692,401933
412697,401935
412699,401940
412831,402067
413110,1156798
413158,402389
413166,138795
413256,402485
413259,402488
413464,402692
413465,402693
413466,402694
413467,402695
413470,402698
413471,402699
413794,518196
414066,403289
414098,403320
414137,403359
414149,2361645
4143272,4190490
414454,403672
414485,403702
41457,2537463
41463,47432212
4146371,4193615
4146611,4193855
41488,2536315
415107,2440404
415108,820643
415176,404370
415347,545642
415400,404585
41557,41103
41560,41106
415705,404886
415878,405055
4161815,4209086
41644,41185
41667,2682098
41668,241767
41684,3183592
4169976,4217286
417097,406256
417181,406336
417504,406659
417524,150331
41757,3040910
417644,406799
417780,408381
417992,6474909
41861,41372
41887,629032
41888,3633826
418884,408031
418887,408034
41890,1896291
419033,3341608
4191004,4238358
419409,2739779
419514,408657
419902,409042
420159,409293
420180,1178369
420282,1045364
420297,561754
420345,1632383
42036,798808
420362,409496
420363,409497
420383,409517
420384,12873602
420386,12873599
420387,12873603
420388,409522
420389,409523
420397,12873600
420403,2889655
420404,40370
420853,409986
421061,410190
421063,410192
421064,410193
421065,410194
421066,410195
421118,410246
4212740,4260124
4213542,4260937
421534,1517550
421569,410692
42157,1028774
421572,410695
4215733,4263129
421577,410700
421584,410707
421613,410736
421615,410738
421625,410748
421640,1111467
421642,2666431
421643,752201
421645,410768
421714,1880
421901,411032
421905,411022
422199,2680373
4224458,208596
422574,411685
4226689,4274095
42278,41770
42288,41780
42308,21478983
42310,1212190
423120,742
423156,2236675
423177,3273617
42318,1454986
423182,2543234
423184,2674739
423187,1158125
423211,3264295
42328,11199651
42329,2492436
42335,3221935
423367,412464
42337,2314939
42338,41828
42357,1168826
42359,1607094
42366,41856
42369,1000219
423729,412825
4237385,4284804
42384,41871
423925,413020
423927,413022
423939,413034
423941,1113596
42400,41885
424012,413107
424017,413112
42402,41887
42403,2997523
42407,2094984
42415,41900
4241738,4289157
42445,1362275
42447,41930
42449,41932
42451,41934
42452,41935
42455,41938
424770,115
42486,10927
424865,413946
42497,41980
425106,2985603
425187,1097824
425597,414657
4256,2402163
425600,2970992
425676,414736
425714,1653567
425715,414775
42573,2918668
425818,1014847
4259510,4306971
426009,415067
426085,415143
426206,1377689
4262781,4310256
426624,415673
426625,1167774
426626,1761419
426627,415676
426707,415755
426786,2375385
426792,2375385
426803,2375385
426912,2098478
426934,415959
426961,415986
42699,1514339
42714,330842
4271492,4319014
4271837,4319360
4271859,4319384
427474,3139566
427486,3139565
4276323,4323859
427748,1460988
427764,3126282
427941,897445
428035,1149154
428041,2206446
428050,3245318
428080,768319
428249,417264
42826,1973555
428304,417316
428321,1893863
428328,2908333
4290363,4337936
4290579,4338152
429618,6464015
429621,3014104
4296633,1863
429935,418919
4299445,4347047
4300602,2227698
4300769,3057077
43039,17003596
43043,3252320
430450,419427
430480,21430714
430537,866909
430538,419514
43072,42510
4307698,4355310
4309361,4357079
431271,1043199
43128,42566
431365,2891373
4314909,4362693
4314911,4362695
431805,420772
432207,421175
432264,421228
4323307,2056462
4323730,23863141
4323766,976063
432437,421397
432462,421422
432463,421423
433111,62820
4331844,4379683
4332027,4379867
433230,422173
433231,422174
433232,422175
4332962,4380824
4332964,4380826
4333226,4381088
4333616,4381484
433410,1995585
433495,2180358
433858,422798
4339862,4387766
43403,1672432
434076,1715096
434154,423093
434198,155044
434271,3183303
4343683,4391603
4348282,19202812
434833,423766
434928,448631
434932,423865
435413,424339
4354482,4402421
435495,424421
435694,2884161
436077,1439727
436078,1099352
436148,1575663
436413,2305095
43711,43127
437158,4432325
437162,901819
437508,426371
437885,1385651
437891,426753
437902,2696379
437923,844179
437926,426788
437978,426840
437990,426852
438024,379247
438131,1416354
438138,379696
438247,1466355
438250,427110
438262,427122
438267,2852640
438308,2302760
438309,427169
438312,427172
438314,1288907
4383595,4431628
438492,1168377
438498,1209957
4389347,4437426
439015,427862
439017,1785534
439041,427887
439126,2007402
439173,1993854
439174,2029611
439221,2162293
439259,1416161
4393526,4441643
439368,428196
439465,2363175
439471,2363186
439855,399206
439861,490608
439885,428697
4399967,4448085
440223,2521619
440403,429208
440459,429263
440496,26206
440520,429323
440601,2024977
440692,25519097
440721,2055194
441267,115
44140,43510
441602,1200805
4416388,4464552
441792,430580
4417990,4466154
44186,640276
442001,430788
442270,431055
442695,1611005
442800,2925572
443103,215575
4431554,4479740
443552,578945
443557,432330
443613,432386
443614,432387
443615,1570207
443617,1404953
443618,2995519
443619,820644
443620,432393
443621,2997896
443622,432395
443624,432397
443627,820639
443629,2991550
443633,432405
443642,387835
443658,749560
443674,432444
443676,432446
443679,432449
44369,43719
4438431,1475324
444304,1092293
444312,1679789
444320,1878
444328,2740168
444329,3349054
444330,2079400
444347,3280795
444357,433092
444374,1963787
444380,978413
444381,3193161
444382,3193139
444475,433207
444600,2105290
444665,433395
444668,2367795
444671,433401
4446809,4495025
4446943,4495160
444726,433456
445278,1275315
445642,2826715
44607,2673807
446236,434939
4466383,4514642
4466386,4514645
446759,921357
446761,435460
446848,435547
4468504,4516763
447026,2609805
447037,976748
447166,435856
4473555,16349153
447420,2750642
4475142,4523415
4477758,4526050
449051,437701
4495482,4544426
449887,856036
449908,1955922
449913,438556
449940,21473789
45021,44340
4502513,2948317
450372,439013
45056,19036512
450665,439305
451053,439688
451351,439977
45159,44440
45179,2880113
45181,975095
45183,2310445
4518489,45331
4519168,4568247
451958,440582
452002,440626
4523,8158
4523084,4572209
4524994,4574128
452621,306690
452626,521077
452635,394974
452717,245197
452718,41331091
452814,441424
452815,441425
45292,44551
4531717,4580931
453276,441883
453392,6573249
45341,44587
453410,442016
45343,3003770
45344,1092277
4536,1908392
4536416,4585659
453776,442375
4538,4242
453916,1766922
453988,1309144
453989,226002
4540,2984534
454020,442617
4541,4241
4542509,4591776
45434,3053253
45438,44676
454423,443009
454425,443104
454427,1812479
454466,443052
454600,443186
454799,443383
454862,443439
454867,894494
45537,44749
4553794,4603088
4553833,4603128
455427,443978
455752,444299
4561015,3594131
4564984,4614315
4565028,4614359
4571726,4621077
457424,445949
457601,1071333
457602,446121
457603,446122
457604,446123
457610,446129
4576186,4625575
4577472,1567318
457762,446280
457776,446293
4579256,4628648
457936,1239384
458071,446572
4581447,4630843
458183,446684
458185,446686
458191,2006905
4583488,4632896
458381,446874
458383,446876
458540,2030165
4589167,4638602
458958,447442
4593432,2402163
4598273,4647945
4600,477124
460018,557205
460068,3320795
460087,2083535
4601,434352
460114,448584
460120,2985217
4602,1747965
460285,448753
460289,448757
460467,448931
460473,448937
460489,980533
460496,2811873
460497,448961
460501,448965
460505,448948
460548,887311
460569,267087
4606,8226
460606,449068
460607,1993270
460722,449184
460747,449208
4607690,25141251
460868,1346834
460991,449447
461807,450260
4618073,4667998
461822,980040
461824,450277
461830,3354550
461831,450284
46187,277308
46189,45331
46196,2560193
462021,450473
462207,842981
462234,223724
46266,45400
462684,1951159
462709,451158
4628647,57999707
463039,2542101
46305,52342905
46306,942531
463066,451511
46314,942531
4631621,4681689
46361,45484
46368,3072178
46377,45500
463776,2370000
463830,1699658
463905,452332
463923,2670280
4639682,4689817
464102,2012728
464188,452614
464262,452687
464328,112858
4647043,1086172
464956,453360
465238,453641
465356,453758
465364,453766
4655,274940
465657,1998683
46593,45707
46613,45726
466141,454528
4663015,4713408
46677,1086647
466881,654939
466919,455284
4671241,4721673
468116,2943137
468837,457176
46903,45974
469061,457399
469065,2056506
469066,2056506
469082,2056484
469118,3234538
469188,457522
469521,457836
4696546,4747171
469897,458207
469932,458242
470062,1693048
4701492,1327019
4701504,113746
470219,1703692
4702458,4766781
4703366,3897683
470785,459088
470799,459102
47082,46136
470980,983309
471635,1895037
471920,742
471928,888312
4723146,4787596
4723524,4787978
4724161,4788617
472626,675181
4727432,4791909
47281,2677305
473059,739204
47315,46392
473361,1203284
473520,461785
473623,310738
473628,1359249
473743,642732
474038,1413831
474209,695007
474211,828772
474539,462790
4745622,4810256
4745623,4810257
474692,462943
4748558,4813196
474858,177766
474934,2943139
475170,463412
475178,463420
475339,2666907
475348,463590
475373,463615
475375,463617
475377,463619
47558,3211551
47561,46582
47564,46585
47567,2001550
4757736,4822527
476132,464370
476550,464786
47674,1445248
47675,682082
47676,2117824
47680,3250651
47681,3144982
47693,2517537
477551,465763
477605,465812
4777700,828065
47778,892967
4779006,4843846
4779036,4843876
47796,46781
47810,46795
47815,46800
47819,46804
47820,46805
47821,46806
47822,2702949
47823,522782
478351,466785
478356,466790
4785973,4850847
4786578,4851452
47870,2579351
478813,467240
478823,467250
47886,234506
47888,998492
47890,2526899
47902,1687863
47918,2440250
479226,467643
479229,467646
479327,1863
479413,226002
479658,2628760
479668,468074
4796846,4861946
47974,46956
480019,769336
480020,468420
480023,468423
480034,1783090
480359,1337781
4807975,4873092
481217,469591
4812236,2885416
481499,469867
481570,24164146
4817577,4882719
481790,41261371
481967,470326
481973,470332
4820087,4885230
4821,1128962
482763,2599381
482778,471129
482886,471237
483057,471404
483058,471405
483060,471407
483062,471409
483064,471411
4835838,4901046
4835906,4901114
4836069,4901277
4836520,2025364
483657,472003
4837194,4902439
4837243,4902488
4837277,4902522
4837312,4902557
4837498,4902743
4838864,4904116
484176,472496
48480,208207
48481,1624782
484831,473150
4853597,4918866
485510,473803
485514,473807
48562,2285306
4861394,4926725
48621,47565
486229,474515
48660,47603
486611,2128333
48666,2053573
48717,47660
48719,1468714
48741,149715
48745,47688
487475,475751
487476,3357721
487479,3008523
487599,475875
48762,47704
48764,47706
48766,47708
48771,47713
4877325,4942679
48774,47716
487752,6573254
48782,47724
48789,2881847
48790,47732
48793,1196859
48795,47737
487953,2095038
48796,1047786
48811,47752
4881647,4947002
48818,2056572
488201,476473
488222,1989704
488226,2397752
488239,476511
488240,196622
488268,3125551
488270,3354142
488283,476555
488284,476556
4883204,4948583
488581,2495848
48866,47840
4888051,4953449
488869,477123
488874,477128
488883,477137
488887,477141
488888,913911
488893,477147
488898,477152
488908,477178
488923,477177
48898,281852
48904,1194788
48905,47843
489065,1177968
48908,2342620
48909,979666
48911,47849
48912,527369
48913,47851
48915,3057077
48917,47855
48919,910848
48926,47864
48929,47867
48933,47871
48939,47877
48941,38193
489478,477721
48948,1937035
4895,8468
48950,47888
4895124,4960579
489518,3030647
48952,47890
48953,3058355
48954,3128587
4895622,50307338
489807,478048
489808,3123139
4899285,2645461
489941,478177
489972,2499762
490170,2002318
4904163,4969677
49048,47983
49058,47993
4908216,4973745
490867,2318048
490973,2375385
490978,479198
490979,479199
49116,2402163
4913873,981270
491569,479773
491578,479782
491858,480060
491940,480142
491972,2698871
49203,822853
4923270,4988860
492512,2495210
492565,480759
4926603,4992207
492812,3023970
493082,481262
493205,481384
493398,266995
493469,481645
493508,3275154
493759,2593870
493986,194236
494303,21591167
494304,482466
494363,2494398
4944,3144982
4947,8500
494748,482905
4948,3144982
4951108,5016851
4951297,5017041
495370,483527
4955070,5020861
4958245,5024045
496179,484332
4962837,5028653
496630,484782
496634,484786
496653,484805
496802,2847256
497118,1782584
4971790,2375385
497396,41352438
497429,485574
497461,3043272
497567,485711
497720,485864
49828,48734
498401,486544
498487,2612412
498555,3361137
498917,487052
498918,487053
498922,1414308
498925,2336035
498942,487077
498945,487080
498947,1284509
498954,1838796
498957,1761345
498958,829132
499049,194484
499109,487244
499181,2079628
499225,487354
499252,487381
499258,487387
499260,936388
499261,487390
499264,487393
499268,487397
499269,487398
49929,2740567
49943,1061285
49944,1061285
49954,1061285
499957,2827561
499976,2029501
5,2402163
50,1158125
5001735,5068257
500285,488395
500292,488402
50041,654939
500555,488663
5005665,21402907
500744,2547957
500799,3234036
500828,1157370
500855,1200373
500952,489056
500959,2928869
501033,489136
501404,489500
50175,49027
5019,752200
502063,2628760
5021607,5088188
5022157,5088738
502362,490423
502387,490461
502389,975952
502406,1320588
502420,490494
502530,490604
5026,1188489
502949,1254845
5037376,1015554
503999,492057
5040516,4347047
5041501,5108099
5045696,17441265
504610,492659
504662,492711
5048275,5114880
504912,492957
505302,493345
505304,493345
505444,493486
505449,493491
5054632,5121245
506128,2221897
5069343,5136008
50698,2372737
507156,3147419
507402,495427
507468,495493
507506,495531
507837,495861
5078839,5145549
507987,875435
508139,496162
508198,1146112
508200,496223
508201,496223
508203,496226
508204,496227
508208,1904600
508211,829132
508213,496236
508216,1044077
508217,1044077
508218,2599371
508246,496269
508247,496270
508249,496272
508254,496277
508255,496279
5083634,5150352
5083635,5150353
508517,496540
5086402,5153126
508769,496790
508836,3026511
509094,20391248
5094034,5160776
5094267,5161009
509734,497748
509901,42036619
510011,498021
510203,498213
510248,498258
510249,498259
510250,498260
510711,1341466
510712,498715
510899,498900
5110316,5177084
511043,499044
5111343,5178112
511275,499271
511329,3372213
511407,499403
511409,642723
511417,642722
511418,642734
511419,642720
511420,499416
511436,642671
511437,529038
511485,2161571
511527,499516
511528,499517
511532,1518959
511533,499704
511535,499524
5115619,2765786
511563,2547535
511566,2204120
511567,1181372
511578,499567
511592,499581
511593,499582
511614,1703703
511626,2041445
511627,499614
511630,1114135
511633,499620
511635,1665982
511643,1398929
5116480,5183265
511653,2041458
511655,499641
511661,499646
511663,499648
511684,499669
511689,499674
511715,499700
511718,1404170
511719,499704
511720,499669
512267,500244
512268,500245
512444,2924350
512447,3017026
512732,500709
512740,500719
512758,1347218
512762,2491483
512798,1734795
512835,500819
512836,3580809
512859,1569232
5130094,5196962
513135,1071103
513137,501113
513140,721886
5133932,5200812
513706,501677
513828,56648
51392,50183
51393,50157
514345,502310
514346,502311
514354,502319
514357,502322
514370,2494441
514861,502824
514912,502875
5151493,5218489
515215,503172
515324,503279
515885,503827
515904,503846
515905,2141767
515906,503848
516074,504016
516125,3327855
516200,1557050
516207,504137
516216,11181
516235,504177
516248,504190
516296,1505036
516298,504240
516333,504275
516337,504279
516346,3144982
516348,2223682
516369,2034692
517344,505277
5174110,5241186
517959,2928546
51796,50539
517984,505915
51818,573024
5184364,5251468
518450,534352
518452,1145585
518597,3075009
518600,2221891
518604,1378595
518617,506542
518620,1733510
518633,2693330
519048,2210660
519125,507040
519148,507063
519248,507159
519312,2413313
519612,526037
519614,507523
519615,335924
5197173,5264297
5197598,5264740
5197643,5264785
519765,507673
5199495,5266645
5202,2237829
5209,8698
520934,508835
5212,8699
521236,509130
521487,3144982
5221111,5288373
522399,675531
522400,510283
522796,510676
523106,120956
52325,51046
523635,2302748
523638,511511
523641,511514
523642,511515
523711,361386
523757,511626
523758,511627
524031,3349054
5247583,5314883
5248605,5315905
525007,512869
5252670,1544060
525440,3234374
52551,2046542
52579,51284
52580,51285
525807,3186437
52582,51287
52583,51288
52584,2559750
52585,51290
525936,105046
525994,54396
525995,428054
526077,513903
526210,514036
5264136,5331452
526643,3252980
526691,514490
526787,115
527114,514895
527129,514908
527303,639745
527305,551030
527413,838097
527415,888312
52765,2047596
527747,1443320
527748,334912
527786,1249788
527975,97703
5280620,5348021
528096,515841
528140,91667
5281757,5349161
5285450,5352859
52862,553408
52863,51559
528949,3067178
529006,516703
5291452,5358877
529154,516847
529252,3257147
529345,3231118
5301375,5368812
530153,2491520
530174,517810
530183,933852
530582,1799679
531045,518650
531167,1993810
5313289,8752
531344,518939
531614,3252320
5316302,5383771
53166,51850
531759,2410127
531760,1327019
532069,1396422
532126,1492536
532171,3290161
5322,8782
532208,56647
532238,519804
532239,795131
532249,2441597
532251,682090
53227,808137
53228,51907
53229,51908
53232,2552170
5326007,5393485
532634,520190
532710,520265
532752,1434673
532854,520406
532861,2501867
532872,4242
53292,1103316
533500,3161765
533533,2649
533674,987048
533675,521194
533690,1177936
534160,126288
534167,1168377
5342,1880450
5344850,5412337
534697,522195
534716,522214
534721,522219
53494,1214896
53495,1945168
53496,1237212
534963,1676670
53497,1952589
53498,984829
535306,522783
5355724,5423215
5355747,5423238
5356447,2927650
535761,2985072
5357625,5425121
53580,52255
535819,642240
535842,523301
536033,3218330
536034,13809
536190,523646
536211,523667
536218,835745
53628,3050713
536382,523835
536656,127222
536664,6788020
536707,524150
536708,1088131
536709,524152
536710,2287131
536711,1295552
5370,8813
537009,2148327
537024,207481
537036,1046772
5370770,736173
5371,950484
537111,1184723
537164,878180
537296,1231880
537305,1231891
537338,391085
537885,525300
538166,525581
538178,525593
538277,2299540
538300,3327855
538348,14125309
5383628,1811676
538455,525862
538699,526097
538711,244031
538838,3360339
53899,52553
53900,1093583
539043,2477567
539045,3050706
539056,526444
539071,1026679
539072,1026656
539073,1026657
539080,526468
539082,526470
539085,526473
539096,1026679
539304,3009978
539320,1309799
53958,52609
5396244,5463770
539770,527157
539974,527360
539982,527368
539991,527377
540016,3427906
540017,39556
540026,527412
540031,527417
540032,527418
540043,2152019
540047,527433
540071,527457
5402,8843
540271,1156798
540565,527941
5408376,5475916
5410177,5477716
541211,2642132
541338,528699
541417,642751
541513,528871
541521,528879
541527,632828
541643,529001
541682,642733
541722,529076
541801,529155
541802,529156
541816,529170
541911,529255
542237,529570
542608,2362701
542633,529958
54283,1877851
543086,530403
543163,760598
543164,1369471
543167,1369513
54319,52963
5432598,5500185
543327,2658888
543328,530634
543356,1084370
543358,2755985
543360,1327397
543434,530734
543438,2061357
543495,530795
543505,1502964
543528,505951
543532,530832
543871,531169
5440694,5508280
5447354,5514940
545061,6599678
545063,532347
545144,532425
545252,2746341
545433,626846
545435,532713
545516,532792
545962,533234
546176,533446
546199,1212458
546255,1335298
546273,533542
54725,1371653
5473304,5540943
547433,534697
547441,534705
547558,844172
547564,1389012
547613,534871
547614,534872
547853,535112
547956,63845
547987,535245
548260,3177899
548281,535537
548282,535538
548295,535551
548609,1341211
548699,999236
548774,57345957
54903,53508
54904,1011554
549217,536465
549408,844184
549454,536701
549455,536702
5495650,5563318
5495961,5563735
5497931,5567424
549855,1074133
549865,537112
549891,1074154
5499910,5574333
550063,824600
550435,537679
550443,2767210
5505028,1812917
550902,538144
551449,48205296
551768,490586
551876,539116
5521069,5692083
552144,2297850
5523283,5694306
5523614,5694638
552402,539642
552485,539725
552488,539728
552489,539729
552490,1779051
552551,539789
552573,539811
552581,539819
552582,539820
552583,1131065
5525957,5696985
552612,539850
552727,539962
5530988,5702021
553384,1877851
5536858,5707901
553808,1567967
553826,541055
5538421,5709465
554185,2496122
554274,3197000
5544589,5715641
554606,1245898
554608,541820
554610,541822
554798,997108
554800,542012
5550184,1602074
555173,2060151
555194,542406
555195,542407
555205,42496549
5552235,5368810
5552237,5723310
5552256,5723329
555999,543204
5564784,5735947
556511,997631
5566047,5737211
556766,24254411
556975,1933394
557100,2277628
557103,991748
557104,2400388
557106,1780749
557110,1002280
557112,544298
557118,649084
557121,544307
557124,721621
5571283,5742477
557143,544329
557156,544342
557160,544347
557184,1219196
557187,544373
557188,544374
557208,42375283
557211,6526492
557212,980577
557214,2918865
557216,1662246
557220,881304
557226,1076032
557228,753638
557229,5140946
557230,544416
557231,2190148
557236,544374
557239,5140946
557249,1065014
557265,1353419
557267,1353429
557297,544482
55734,489077
55736,54319
55739,3164646
55745,54328
557459,3103045
55749,54332
557537,2970994
55773,2328503
55774,54357
55776,628210
5578628,5749835
557962,545143
5581233,5752452
55813,4281764
55815,2176831
558169,545347
55818,358524
558190,3072139
558200,545378
558205,1773756
558215,545393
558216,2766720
558265,545442
558279,545456
558281,545458
558284,47884
558291,3058142
558292,1507665
558296,545473
558303,2306091
558306,545483
558307,2302782
558311,545488
558315,545492
558321,1906045
558322,545499
558325,545502
558327,545504
558328,226354
558329,2816867
558334,545511
558343,545520
558346,545523
558372,545549
558380,2227765
558390,1363824
558391,780918
558394,750255
558395,545572
558411,545588
558414,545591
558418,2302757
558420,545597
558422,545599
558428,2162303
5586191,5757524
558662,3042325
558665,2275682
558668,545845
558736,3066111
5598719,5770071
560016,547177
560262,1080630
560619,547777
560635,891152
560637,173557
5610261,5781639
561166,46022931
561394,548544
562482,2978723
562763,549907
562764,549906
562916,550059
563040,3215136
563098,88210
563148,550285
563368,2796101
563376,550511
563501,550636
563502,2174943
563503,899243
563584,550719
563591,1797136
563757,3046605
563772,3211551
563820,809138
563859,1215581
563887,1426160
563899,736173
563901,1142982
563907,21983016
563908,551030
564257,551374
564309,1855987
5645985,5817433
564627,551741
564662,551776
56471,558851
564830,155018
564853,2597441
564858,2597440
565033,1365990
565035,552146
565040,552151
565140,552251
565408,552518
565411,552521
565437,552547
565438,1888556
5654387,5825900
565798,194474
565800,552907
5659,1061285
565952,553059
5661145,5832673
5661151,3462747
5662933,2768848
5665242,5836774
5665292,5836824
566625,1725148
566810,809137
56728,900984
567326,554428
567373,3349054
5674368,5845916
568213,555278
568283,555345
568285,1786878
568386,555448
568476,86428
568487,555549
568537,555607
568543,1499623
568550,1645766
568552,555614
56886,55420
56888,55422
56889,929931
569397,556448
5698821,5870386
569977,557023
570274,418248
570353,2815159
570354,557395
570358,557399
570399,557440
570400,2823901
5705248,5876817
570633,389527
570792,557831
571053,558088
571188,558221
571196,558229
571197,1815837
571251,558284
571349,952389
571383,558415
571502,558534
571813,1537106
571931,937471
5722939,5894560
572928,1245176
573177,560194
573338,560354
573572,2291920
573646,560658
573688,560700
573902,560904
5741942,5913634
574306,561300
574749,561738
574750,561739
574753,561742
574756,561745
574757,561746
574758,561747
574759,561748
574761,519737
574764,561753
574766,561755
574773,561754
574776,24660480
574855,561844
574857,561846
575252,1489661
575253,562249
575370,562353
575388,562370
575405,56019019
575454,2973012
575457,562437
575521,562501
575523,562503
575597,694053
575609,721894
575612,562589
575735,562711
575737,838591
5757519,5929245
575895,562868
575908,562881
57599,1086867
57605,56119
576260,563233
576335,2245507
576338,601761
5763979,5935713
576437,563409
5764550,5936285
576518,563486
576565,2146970
576570,1312136
576634,563596
577348,564296
577352,564300
577542,359486
577552,50446371
577769,1955907
577992,564935
578200,565137
578270,565204
578282,544452
578283,2194622
578284,565218
5784403,21858997
5784656,5956593
578618,2180358
578870,976663
579069,565981
579143,566055
579228,1024673
579245,3018564
579562,48556856
580118,868263
580436,567334
5804754,2056451
580915,567808
580917,567810
5809786,2889321
581003,567896
581005,567898
581090,567983
581100,567993
581373,1434663
581383,568271
581409,1442720
581436,568324
581441,568329
581442,3070749
581454,1259754
581458,2848384
581460,1390932
581470,568358
581481,568369
5816135,5988145
581802,1543257
58230,186149
582785,569655
582820,569689
58301,901819
583059,569928
58348,2007959
5834917,6007053
5835627,6007763
58358,56828
58382,2634779
5838797,6010936
583974,570830
583975,570831
5841335,6013474
584460,571313
58472,750073
584822,571671
58495,886171
585018,571867
585174,572023
585747,2796971
586152,3018525
5861926,6034082
586259,14125322
586261,783991
586271,2556073
586308,573150
586309,39942477
586321,189839
586322,103190
586335,220351
586347,137771
586392,573232
586451,27274
586494,1026679
586510,573348
5865970,6038129
58671,1115270
5867760,17375094
587293,1358908
587311,1530651
587312,1258632
587318,1059917
58748,57212
58749,57213
58752,57216
5881,9259
5882,9260
588252,1484031
5883,9261
5885,9263
5886,9264
588600,575397
5887,9265
588745,2682741
588753,813064
5889,9267
589140,782986
58922,2039654
58924,2318048
58929,2169069
58931,770691
58932,57379
58940,57387
58942,2154876
58943,57390
58944,57391
58945,57392
5895010,6067287
589608,576379
5898439,6070772
590034,2029611
5902250,453536
590524,888221
590552,355618
590911,577668
590922,577679
590962,577719
591240,577993
591314,578063
591402,578150
591422,2823914
592102,1586216
592103,1168806
592104,578845
592105,578846
592164,578905
592243,2897313
592710,579449
592711,579450
592712,579451
592807,579544
59286,57711
592955,40146480
5930758,6103200
593236,2461
5935547,1209957
593652,580382
5936624,6109070
593935,1177837
593985,3462747
5941431,6113935
5942920,18282936
594361,6533130
5943682,6116193
5943724,6116235
5943825,3254981
5944049,6116560
5944050,6116561
594711,581426
5948521,6121050
5948523,6121052
5948526,12671948
5948533,6121062
5948536,6121065
594916,3280795
594970,735001
5950868,6123420
595233,581943
5952637,6125205
595323,2301495
595341,582047
5954159,6126740
5954167,6126748
595417,582121
5954253,6126834
5954267,6126860
5954268,6126861
5954269,6126862
5954650,6127289
5955260,6127911
5955849,6128504
595586,582290
595588,582292
59572,57990
595948,46001064
5960067,6474909
596246,1034411
596595,583264
596642,1194763
5966455,6139379
5966457,6139381
5966459,6139383
596697,583363
5967561,6140496
5968115,6141059
5971954,6145015
5972040,6145101
597265,583913
597342,583987
5974286,6147479
5974287,6147480
597489,3007159
5975213,6148423
597545,584190
597553,6582437
5976067,6149327
5977950,6151250
5978075,1366740
5978076,1402758
5978613,7113788
5980,9332
598036,584667
5981012,6154353
598117,951154
5981180,6154523
598159,872798
598160,2921010
598167,3081712
5982323,6155730
5982448,6155858
5982814,6156239
5982816,6156241
5982832,6156257
5983694,6157354
5984611,6158306
5985,2015322
598596,471778
5986,9338
5986348,6160103
5986665,6160427
5988584,6162586
5989154,6163161
5989515,6163544
59918,1747962
59919,340988
5992182,6166321
599324,706992
599507,586128
5999634,6174365
5999703,6174484
600241,586846
600413,654938
6004321,6179255
60065,58445
6006548,6181640
6007146,6182290
6007149,6182293
601038,587629
601107,587698
601120,837306
6011735,4639714
6012397,6187619
6013416,6188661
6013738,6188983
6013967,6189217
601402,587988
6014524,6189786
601523,24337995
601598,22498
601653,588238
60166,46171825
60177,891152
60178,1993810
60179,1177991
60181,1993810
6019906,6195325
602014,588595
6020750,6196181
602215,2375385
602376,3042348
6023847,6199324
602683,299695
602684,2765786
602842,589416
6033987,6209486
6033989,6209488
6034016,675181
6034029,6209529
6034048,3464264
6034081,1937310
60342,58703
603565,590135
6036000,6211516
6036766,2933942
6041535,9921
6042514,6218087
6043878,6219451
604398,590959
6047858,1061285
604920,57999762
605128,591682
605137,591691
605138,591692
6051683,6227461
605209,591763
605334,1152585
6054449,6230260
6054521,2599381
6055161,6231138
6055891,781159
6055912,2056572
6055942,1591085
6055947,1384689
6055959,3090824
6055994,6232007
6056282,6232299
6059070,2685281
606046,592593
606360,592906
606371,592917
606373,6573253
6064966,6241267
6065357,6241668
6065645,6241959
6066270,6242594
606639,174503
606824,817164
606876,41765987
6069330,6245713
6069468,6245851
6071674,19168611
6072302,6248798
6074190,22006501
607430,1731888
607437,593955
607445,324508
607458,1589435
6074805,6251330
607513,594026
6076597,6253180
6076879,6253466
607759,601896
6078198,6254826
607932,594438
608031,1168322
6080620,6257316
6081084,6257788
608157,1069773
6081980,6258695
608289,594792
608292,448585
608293,594796
608294,14125334
608296,448641
608297,594800
6083121,6259896
608373,867469
608374,2173295
608375,594877
608376,594878
608378,2823900
608380,2126626
608381,594883
608385,594887
608391,594893
608392,594894
608393,7214114
6084038,6260817
6084058,6260837
608412,2923054
608453,1541979
608601,1361097
608629,44775
608727,2267121
6087319,6264212
6088258,6265179
608911,595405
608912,595406
608915,595409
608921,595415
608922,595416
608923,595417
608924,595418
608925,595419
608927,595421
608929,595423
6089981,6266922
609160,1497703
6091609,6268584
6091619,3252320
609249,1988936
6093004,6270008
609328,3463629
60938,59266
609494,595981
6096248,6273340
6096750,6273846
609809,596291
6098132,6275266
6098251,6275404
61,1738165
6100264,6277451
6100756,6277965
6101845,6279104
6101847,6279106
6101852,6279111
6105514,17441265
6105853,6283204
6105935,6283286
6106486,6283843
6106591,6283948
610718,597196
6107407,1874292
6112051,6290000
611370,2991913
611410,597879
611411,3123140
6114542,6292589
6114844,6292912
6116411,80497
611850,598309
611853,598312
611859,598318
611861,1971751
6120022,6298140
6120625,6298779
6121266,6299540
6121819,6300118
6122144,6300471
6122673,6301006
6122792,113746
612318,598775
6124878,6303340
6125001,6303463
612501,1760759
612647,599103
612731,1703703
612810,599267
612855,1652655
6129605,1002280
6129652,1543851
6131619,6310170
6131666,6310218
6131694,6310249
6131743,6310298
613334,870824
613384,2437828
6135447,6314031
6135854,6314449
6135987,6314582
6137182,6315881
613863,600316
613865,2042833
613866,2290819
614037,1334891
614038,1359700
614039,600488
6140893,6319760
614101,600550
614330,600774
6145312,7071165
6145324,1404690
6146196,6325102
6146684,6325634
614678,870942
6146969,6325996
614769,601210
6148354,6327395
6150369,6329508
6150990,6330152
615230,601667
615232,1133284
615233,1283974
615237,601674
615244,4042820
615252,601689
615259,601696
615265,2062050
615276,601713
615277,601714
615280,601717
615288,601725
615289,1440109
6153,1348833
615300,601737
615323,601760
615346,601783
615376,260754
61549,1872003
6157644,6336820
615955,602390
616032,990347
616197,602627
6162654,6341851
6162677,6341874
6163948,6343251
6164018,6343325
6164358,6343668
6164612,6343947
6165122,6344497
6165617,6344999
6165721,6345103
616650,601217
616833,2513256
6169390,6348800
616992,3289936
6171857,6351454
6173001,2564478
6177287,6357050
6177559,6357345
6177580,6357368
618060,607321
6181019,6361077
618138,604550
6183279,6363400
6184250,6364397
6184251,6364398
6184252,6364399
6185020,6365232
6185097,6365315
6185114,6365337
6185121,6365344
6185140,6365365
618744,605133
618873,605258
6192692,6373030
619307,605689
619321,1653740
619324,1332503
6193584,6374014
619451,4639714
619833,606212
619933,606313
620121,2402163
6201556,6382001
6201557,6382002
6202231,6382694
62023,60277
6202352,6382837
62025,1958529
6202568,6383062
6202589,6383083
6202604,12668908
6202613,6383112
62027,146809
6202821,6383326
6203055,6383602
620316,606692
620317,606694
620467,1785301
620722,607096
620723,607097
62075,665740
620766,607139
62111,2441994
62115,2441994
62131,2441994
6213703,6394267
621495,607865
62151,60390
621695,608065
6217356,6398000
621739,3012947
621740,3309634
6218037,419514
6218976,6399659
6219320,6400006
6219462,7071165
621963,608333
6222164,6402863
6222756,6403455
6222894,6403594
622382,608751
622535,2953260
6225998,6408555
6226468,6409050
622795,609161
62317,3020535
623193,609557
623282,609646
623327,609690
6233390,6416002
623401,1225592
6234230,6416864
6234267,6416901
6234930,6417598
6235006,6417675
6235247,6417917
6238800,6421542
6238920,6421672
62390,14412166
6239562,2441994
6239591,6422351
6239972,6422738
6241126,6423920
6241351,6424148
624380,3394441
624739,611098
624744,1610808
624770,1460768
6249757,6432575
6250208,6573373
6251310,6434188
6251426,6434309
6251471,6434362
6251971,2410127
6252293,680304
625278,3072173
625279,545643
625280,545675
625435,611790
62557,2782156
6256845,6439949
62573,60774
6258757,6441890
626068,3018611
6261011,6444217
6261020,6444226
6261127,6444334
6261151,6444358
626125,612476
6261472,6444694
6261530,6444752
6262086,6445317
6262094,6445325
6262236,2056484
6262458,6445695
6263767,6447018
6263771,6447022
6264,9573
6264010,6447261
6265068,6448320
6265076,6448328
6265092,6448344
6265160,6448412
6265254,6448506
6265255,14694692
6265268,6448521
6265293,6448546
6265408,6448662
6265410,6448664
6266639,6449903
6266717,19262548
626818,613168
6268895,6452192
6270297,6453611
6270527,6453842
6271032,6454354
627144,613491
6271838,6455179
6272423,6455775
627449,613793
6275703,6459061
6276596,6460085
627821,614164
627839,614190
627848,614191
6279571,6463101
6279600,6463130
6280246,6463796
6280451,6464048
6280454,16048701
6281383,6465332
6281384,6465333
6281385,6465334
628205,795142
6282066,1656177
628218,614558
628263,1653739
6283767,6467785
6284676,6468702
6285571,6469687
6285612,6469732
6289049,6473356
6289810,6474165
6290293,6474653
62906,61098
6293983,9605834
6294306,6478686
6294527,6478913
6296235,6480654
629849,1166784
630293,616613
630309,616629
6304022,6488636
630428,616748
630429,616749
6304446,2685281
6304681,6489480
630533,616853
6305617,44775
630593,485472
630595,616915
6305996,6490866
630656,1061723
630684,617004
630686,617006
630704,18982033
630714,24255198
630719,1484030
630722,617041
630741,800492
630744,267087
630745,1110587
630748,2324747
630760,2379261
630761,146962
6307884,6492831
630810,617128
630821,617139
6308478,25169
6308590,55548884
630879,1112492
630902,617220
630929,48427
6310,2765786
6310676,6495831
631097,617414
6311,10375961
631106,617423
631126,617435
631127,47728
631138,683312
631146,1684506
631147,1591084
6313,2765786
6314222,6499451
6314223,6499451
6314345,6499575
6314518,6499750
6315424,23684401
6315657,6500896
6317575,6502856
6317576,6502857
6317690,6502971
6318119,6503421
6319,1249788
631931,861584
631932,618241
6319488,6504809
631955,618264
6320062,6505395
6320071,6505404
6320082,6505415
6321821,6507245
6323,9624
6323527,6509002
6323674,6509151
6324090,55548884
632481,2549349
6325293,6510854
6325302,6510863
6325303,6510864
6325305,6510866
6325310,6510871
632532,260720
632537,618840
632543,2050942
632544,2251177
632545,618848
632547,1295551
632548,1265001
632581,1132
632582,3338056
6326161,6511732
6326454,6512038
6327,105046
6327099,6512695
6327606,6513208
6327641,6513243
632792,2581409
6328,915031
6328136,6513739
6328360,6513983
632856,619153
6328670,53076667
6329,915028
6329151,1085162
633023,619320
633028,619324
6330311,6515965
6330332,6515987
6330420,6516084
6330613,6516278
6330886,6516555
6331,1653096
6332,1735353
63321,61495
63322,2802544
63324,1095856
6333,1023187
6333587,6519347
6333708,6519468
63339,61513
63341,770648
6334523,6520340
6336225,6522099
6336404,6522278
6336496,3417325
6336574,6531496
6336613,6522489
633663,3573825
6336646,6522522
633666,3573826
633668,2345446
6336693,6522569
633709,16317242
633711,620004
633712,620005
633717,620010
633722,620015
6337587,6523475
6339101,6525037
6339752,6525697
6339782,6525727
6340266,6526259
6340847,6526859
634099,620391
634101,620393
6341072,6527089
6341337,6527355
6341394,6527414
634187,3259015
6342776,6528918
6342792,6528934
6342793,6528935
6342797,6528939
6342809,6528951
6343090,6529252
6344315,6530514
6345074,2056440
634518,992474
634521,620809
6345248,6531519
6345531,6531862
6345760,6532095
63465,65234
634660,620948
634667,620955
63471,61638
6347563,2852640
6347903,6534324
6348133,6534641
6348800,105046
634977,621263
635083,984587
6351241,6537811
6352012,611790
6352078,6538659
6352151,6538732
6352158,6538739
6352289,6538872
6352688,465107
6353134,6539727
6353418,6540012
6354373,6540979
6355615,6542318
6355723,6542432
6356046,52268770
63568,61735
6357325,3025815
6359707,6546777
6360030,2765786
636026,1953151
6360939,6548014
6361666,6548777
636167,622451
6361822,6548934
636190,622474
6364020,6551253
636417,45962572
6365333,2113600
63658,61822
6365964,6553288
6367296,20410516
636761,623039
636762,623040
6368191,6555644
6368195,6555648
636842,623115
636847,623120
637029,623299
6370939,6558528
6371698,6559293
6371748,6559345
63731,61884
6373181,6560806
6375132,6562768
6375194,6562830
6375713,4948583
637650,4242
6376522,6564210
6376577,868263
637733,24164102
637761,24176924
637777,24164149
6378300,6566066
6379158,6567023
6379472,6567351
6380565,6568464
6380682,6568581
6381973,6569956
638224,3349054
6382270,6570260
638230,2559578
6382796,6570805
638330,1059917
6383654,6571694
6383769,6571825
638559,624788
638561,3119
6385622,6343668
6385724,6573947
6386789,6575032
6386790,6575033
6386791,6575034
6386792,6575035
6387602,6575874
6388069,6576350
6388479,6576773
6388480,6576774
638865,3308013
638944,2287132
638964,625183
6389675,6577983
6389678,6578069
6389704,6578095
638981,1891900
638984,625202
638986,625204
639,4890
6390186,6578588
6390188,6578590
6390189,6578591
639112,1210883
639139,625354
639146,625361
6391741,6580186
6393047,6581527
6393171,6581664
6393178,6581671
6393355,6581848
639406,625619
6394157,960
63944,62093
6394637,6583243
63949,62098
6394954,6583561
63950,2371982
6395080,6583687
639532,1216559
6397097,6585771
6398208,1327019
6398264,6586952
639919,626123
6399389,6588086
6399392,6588089
6399395,6588092
6399406,6588103
6399408,6588105
6399410,6588107
6399411,6588108
6399414,6588111
6399419,6588116
6399428,6588125
6399431,6588128
6399446,6588143
6400043,3006507
6400049,6588759
6400408,419514
6400465,6589175
6400662,6589384
6400779,6589509
64029,62173
64037,1043200
6404408,6593270
640476,626671
6404932,6593799
6405197,824446
640594,626788
6406657,6595555
6406675,4657854
6406709,6595607
6407321,6596229
640835,218930
640836,627028
6409296,6598223
6410687,145600
6411085,21862563
6411531,6600477
64133,2741645
6413349,6602339
641339,627529
641341,627531
6413773,6602774
6413777,6602778
6414013,6603014
6414238,6603266
641434,2409029
6415727,6604781
641675,2658887
641841,48205296
6418711,6607832
6418815,6607948
6419280,6608426
641991,117907
6419933,6609099
6420412,6609611
64220,34495
6422024,6034082
6422247,6611466
64239,62369
6424103,6613346
6425120,6614396
6425121,6614397
6428108,6617496
6428137,6617525
642956,629126
643039,629209
6430414,6619865
643043,629213
6430456,83319
643095,1298880
643118,629287
643125,629294
643128,3041004
643134,19053047
64316,197262
6432425,6621906
6433055,6622546
6433866,6623366
6434058,6623563
6434380,8824086
6434933,6624465
6435669,6625221
6435965,6625528
643711,856037
6437114,6626718
6438340,151480
6439641,6629547
6440144,6630060
6441700,6631646
6442975,6632945
644305,630468
6443149,1246936
6443349,40697560
644346,2474770
6444813,6634870
6447302,6637387
644749,630912
644871,631034
644902,631065
644908,1603691
644909,887536
644955,3125849
644990,631152
644993,631155
644994,631156
6450014,817164
645065,631227
645090,631252
6451679,6641848
645224,415294
645270,631430
645271,631431
645343,54329
645346,631506
645451,2433787
6455499,6645772
6455548,6645821
645597,631757
645603,631763
645687,631847
6457482,6647835
6457866,6648227
645811,2669143
6458153,6648517
645885,632037
645886,2436738
6458931,1731888
645963,3101252
645971,632121
646028,2838148
646056,632206
6460828,6651253
6460986,6651414
6461290,6651719
6461373,193471
646195,632345
646222,194369
646229,2246056
646230,774537
646248,3016938
6462811,6653253
64631,62734
646351,1718667
646436,528879
646460,632607
646461,632608
646464,632611
646465,632612
646466,38400
646474,632621
646476,632623
646479,632626
646481,632628
646483,632630
646484,632631
646485,545670
646489,632636
646491,632638
646498,1200569
646499,632646
6465126,6655596
646515,632662
646517,632664
64653,62756
64654,62757
6465533,6656003
646682,632829
646684,528692
646730,632877
646794,2933942
6468204,2034165
646899,633046
646931,633078
6469790,6660382
64699,62799
647056,633202
647057,633203
6472055,6663143
6472231,6663358
6473081,6664227
6473720,6664881
6474,9761
647475,633620
6475164,6666340
647550,1650286
6475651,6666829
647636,633780
647637,633781
647638,633782
647641,633785
647650,633794
647651,633795
647669,1240339
6477991,6669204
647896,2847906
6480073,1811677
6480075,6671304
6480081,6671310
648072,634211
6481288,6672536
6482437,6673722
6483485,6674801
6484528,6675855
6488419,6679799
648870,2564676
648873,635012
648958,635097
6489639,6681028
649015,635154
6490240,6681632
6491459,6682867
6492741,838691
6492745,1069597
649378,635517
6495922,6687381
6496755,6688238
6496973,6688457
6497527,6689013
6497894,2611963
6500060,822151
650243,636381
650257,1543851
650417,2724164
6506031,6697622
6506508,6698105
650811,2333951
650986,637122
65110,838097
65111,1168322
65112,838691
6511268,6703006
65113,2393728
65114,2146706
6511450,2615068
65115,1069597
65116,1165972
65117,1168344
65118,2361348
65119,1209957
6511937,6703679
6512822,63845
6512827,888312
6514039,6705807
6514342,6706111
651437,637568
651440,1127963
65150,63207
65151,3085142
6515456,6707252
6515463,6707259
6516250,6708078
6516425,6708253
6516518,6708347
6516912,6708741
651813,637929
651814,637930
6518984,6710848
6519587,6711458
6520754,6712633
65215,1119338
65217,63267
652180,638291
6523443,6715362
652386,3259972
652470,638581
652481,638592
652484,1603383
6525501,6717434
6525666,6717599
6525739,6717672
6525742,6717675
6526109,884960
6526327,3205231
6526671,6718613
652677,638788
6527940,6719899
6527979,6719939
6527980,6719937
6528114,6720075
652957,1173313
6530458,3255026
6531752,6723774
6531753,6723775
6531754,6723776
653242,639351
653304,639413
653310,639419
653314,1429840
653373,639482
653393,639503
6534132,6726263
6534804,6726945
6535218,6727377
6535755,63845
653641,3010019
6536509,6728681
6536512,6728684
6536675,6728847
6536677,6728849
6536681,6728853
653926,640033
6539482,6731710
653997,640104
654053,640160
654054,640161
654092,640199
654093,640200
6541596,6733832
654169,640276
654177,640284
654190,640297
654205,640309
654207,1952538
654214,640318
654257,640360
654258,640361
6543234,6735495
6543235,6735496
6543776,6736048
6543907,6736179
654419,640522
6545523,6737888
6545536,6737901
6546107,6738482
654647,1440426
6547563,6740009
6547649,6740106
6547965,6740434
654972,3160033
6549997,717272
6552616,6745157
6552772,822151
6553138,6745710
6553172,6745746
6553955,6746532
655483,641581
6554985,6747575
655517,641615
6556148,6748749
6556721,6749347
6557069,6749698
6557208,6749842
6557873,6750516
6557929,6750572
6558784,6751468
6559560,6752280
656134,642228
6561506,6754307
6561510,6754311
6561511,6754312
6561514,6754315
656186,642280
6562659,6755510
6564404,6757316
656449,642539
656451,2487632
656454,642544
656457,529000
656458,642548
65646,3349054
656460,642550
6564664,324576
656472,642562
656481,1550243
656484,642574
65650,1059917
656501,642591
656502,642592
65651,1059917
656514,642604
656516,642606
6565551,6758468
6565891,6758810
656591,642681
6566417,6759337
656642,642731
656650,642739
656651,642740
656653,642742
656654,1319945
656655,642744
656656,642745
656684,2279323
656708,642797
656710,642799
656723,642812
6567691,6760670
6567770,6760749
6568364,6761353
6568378,6761368
656934,643022
65700,2946564
657021,2613130
6571833,1366740
6573403,6766503
6574267,6767400
657444,643532
6574524,11181
65751,18108835
65765,63780
6576802,6770172
65782,3464264
6578293,6771716
6578442,6771865
65788,535245
6578814,6772244
65792,63798
658035,742331
658036,3324729
65804,21402525
658064,973715
6581953,2237401
65825,63827
65828,3464264
65832,3464264
658359,644443
65840,2946564
6585280,83319
6585688,6779189
658592,872801
6587,9850
6587620,6781143
658823,644904
6588433,2617009
6588611,6782144
6589763,6783336
659027,645108
6590989,6784566
659155,645235
659305,645385
6594483,6788218
6594982,535245
659559,339403
659566,645643
659567,645644
659648,1334947
6596545,6790313
6597316,6791089
659759,1837383
659836,3238517
6599282,6793123
6599488,6793330
659998,646073
660100,1715081
6602541,499516
6603144,6797040
6603203,140263
660352,16511
660353,646427
66058,64058
6606228,39892609
6607432,6801364
66090,64089
6609526,6803492
6609596,6803562
6609700,6803667
6609748,6803715
6609838,6803805
6609843,6803810
6609848,6803815
6609856,6803823
6609865,6803832
6611641,6805633
6611652,6805644
6611660,6805652
6611688,6805680
6611691,6805683
6611700,6805692
661378,2732479
661379,3160700
661382,2765786
6614792,6808863
6614795,6808866
661586,938678
661592,647663
6616127,6810221
661661,647732
6616668,166374
661780,647851
661807,647878
6618094,6812216
6618257,6812379
6618288,6812410
6618434,6812556
6619,9876
661990,648060
661992,648062
6620133,2686896
6620311,6993113
6620483,6814645
6621518,6578095
662162,1185325
6622256,6590605
6623759,5368813
662784,648852
662786,648854
662788,648856
6629262,6823607
6629316,6823661
6629481,21858997
6629792,6824139
663019,1378426
6630563,6824918
663087,3186437
663124,649190
6631750,6826122
663318,19043498
6633463,6827854
6633468,6827859
6633487,6827878
6633685,6828077
6633686,6828078
6633687,6828079
6633688,6828080
6633689,6828081
6633692,6828084
6633716,6828108
6633724,6828116
6633762,6828155
663483,649549
6635961,6830373
6636419,6830836
6637999,6832436
663801,649867
6640258,6834713
6640406,6834865
6640519,6834979
6640905,3014191
6640926,6835388
664135,829099
664147,650212
664167,650231
6642101,6836573
6642732,6837210
6643714,6838212
664386,650446
6644750,6839263
6645867,6840383
664611,650671
664612,1411125
664622,650682
664624,650684
664638,650698
664665,1789254
664666,650726
664671,650731
664675,2080617
664781,650841
6648644,41364419
6649283,6843853
665092,651150
665156,651214
6651617,4639714
6652107,6846685
6652460,6847045
665281,651339
665335,2880113
6655060,6849696
6657633,6852274
665863,651917
6658679,6853336
6658794,2256869
6659532,6854285
6659537,6854290
6660576,6855338
6661022,6855790
6665689,71953
6667,113746
6668,9921
666880,652931
666882,652933
6668943,6863865
6669,1015554
6669717,142009
6670,1327019
6671,3159194
667169,653218
6672018,6866980
6672220,6867184
667234,2244771
667287,2723869
6672874,6867955
667288,2119888
6673243,6868331
667392,653441
6675625,6870715
6675977,448935
6676264,6871360
667660,653708
667684,653732
6677,9929
667776,668556
6678,1413831
6679017,6874224
6679155,721621
6680747,6875972
6680750,6875975
6680753,6875978
6681082,6869290
6681478,6876715
6681593,6876835
6684429,6879727
6687,2615068
6687774,6883121
66885,177140
6688730,6884119
6689,2379261
66893,3009988
66896,3016739
66897,2440341
6690,824600
669010,2171828
6690139,6885539
66902,2980827
669036,655077
66906,64873
669122,655163
669168,655208
669179,655220
669181,655222
6692,9943
669266,2129929
669269,655309
66928,3017211
6692856,6888350
66929,550624
6693,44775
6693015,6888509
66931,64898
6693213,6888707
6693784,6889286
669386,1498245
6694,419514
669427,655467
669428,1998264
669429,3234619
6694786,6890343
6694788,6890345
6694791,22166039
6694794,6890351
6694795,6890352
6694797,6890354
6694799,6890356
6694804,6890361
6694805,6890362
6694806,6890363
6694807,6890364
6694811,6890368
6694884,6890487
66954,2980828
669563,1933328
66958,3017224
6696385,6892006
6696465,6892105
6697305,6892987
66975,843138
669839,892370
66990,1341373
66994,64961
670080,2034069
6702264,6898001
6704296,6900047
6704815,6900572
6705,3020535
6705807,19261973
6706673,6902488
6706882,6902698
670717,656750
670746,656779
6707736,1531960
670810,18142663
6708570,721564
6709922,6905770
6710040,1045469
671009,657041
671039,1772315
6710969,6906825
6712536,6908403
6713256,6909136
671427,529935
671461,1113806
6716445,1015554
6717821,6913903
6717929,6914012
6719177,6915280
6719300,6915404
671952,1936884
6722060,6918188
672225,1416163
672408,1334921
67243,1306914
6725075,6919446
6726629,40081034
67270,65234
6728847,6925065
6729036,6925255
672922,658949
672946,740563
6729699,6925922
673001,659026
6733225,352549
6734471,6930755
673475,659489
673662,1575718
673814,1997862
673985,659999
674047,3016905
6744142,6621906
6744143,6940485
674419,660430
6745760,6942154
6745843,6942237
6745919,6942316
674640,660651
6746975,6943400
674749,1114147
6748628,6945060
6748848,6945282
674992,661001
675128,661137
6751393,123908
6751636,6948093
6752457,6948923
675332,661340
675539,661543
675540,661544
675634,661638
675635,661639
675639,661643
675640,661644
675684,661688
675687,661691
675725,2325761
6757375,6953878
675925,1225592
6761339,7070380
676409,662410
6764783,6963052
6766194,6964745
6766442,6965102
6766826,6965598
6767111,6965983
6767587,6966560
6769151,6968449
677094,1295350
677123,663122
6771442,2113600
6771797,6971308
6772123,6971707
677552,1451285
6777517,6978239
6781999,151480
6783137,6985343
6783155,6985364
678317,1843286
6783359,6985591
6783558,6985856
6783587,6985887
6785075,6987846
678537,1366855
6786671,6989811
6788767,6992256
6789056,6992589
6789139,6992686
6789142,6992689
6789147,6992694
6789152,6588131
6789497,6993117
6789500,6993121
6789709,2247200
6791013,6994968
679309,2199242
679362,665764
6793743,6998215
679463,665865
6794647,6999285
679465,3004655
6794832,6999526
6794978,6999707
679499,665901
6795223,7000043
6795601,7000599
6797698,7003244
6798209,7003848
6798764,7004539
6798769,7004545
6798776,7004553
6798777,7004554
6798783,7004563
6798788,7004570
679925,666327
6799636,7005613
679969,666371
6799860,55548884
6800743,7006954
680347,666744
680436,666829
6807501,7014707
6817038,7025488
6817441,7025987
6821423,7030809
682268,1204973
68240,2324734
682596,668986
682742,16048
682747,669137
682751,2347064
682754,117533
682767,379082
682779,1231891
682788,18023749
682790,669179
6828589,9921
682920,8501
6829464,6532095
6829522,7039884
683150,669538
683151,669539
683288,669676
683294,669682
6834864,7045904
683861,670248
684103,670490
684104,670491
684109,670496
684420,670805
684559,1019049
684709,671096
684721,671107
684724,879886
684780,836781
6851927,6421244
6853229,7066508
685447,1384549
685472,671846
6855239,7068907
685642,672014
685643,1779245
6856626,3330329
685674,672042
685689,1679789
685903,672269
6859525,7073902
68597,66471
685986,672352
6860562,7075093
686105,672471
68645,1575575
68653,66526
686777,18978928
686846,673205
6870367,915031
6871646,7088029
6872007,7088515
6872008,7088515
687421,673780
687444,673803
6874853,7091434
6875192,7091888
6875195,7091892
687550,19066614
687644,3250572
68765,593833
68786,66658
68788,1773794
688081,674438
688085,674440
688086,1719402
688105,674460
68811,517524
688115,674470
68813,517524
6881313,7099347
688141,1349129
688161,674516
688200,674555
688201,674556
688211,674566
6882177,7100450
6882181,7100454
6886458,7106210
68869,66736
68870,66737
68872,1055721
68873,1055725
689033,675384
6891198,2056506
6891569,7112450
6892372,7113418
6892476,7113568
689269,675620
689493,675844
689503,675854
6895340,7117186
6896546,2682340
6898517,7121083
689855,2265697
689899,676250
689929,676280
6899685,7122658
690138,21402500
6901602,7124922
6901774,7125142
6903371,7127146
6903455,7127250
6903801,7127692
690483,676828
6905571,7129949
690644,676989
6907159,7131886
690829,2765461
690840,677184
69086,490599
69087,66948
69092,66953
690955,682105
6912538,7138313
69139,420251
691914,3464264
6921118,7149317
692137,678475
692187,678525
6922698,25398517
692763,679101
692807,40359462
692825,679161
692939,679268
6929669,7160309
6930087,7160879
693056,679385
6931452,7162524
693190,679517
6933961,18064876
693445,2352212
693446,3034164
693449,679774
693475,679800
693476,10359189
6936332,7168376
6938078,7170487
693971,1696111
6939875,7172492
6939876,7172493
694100,3349054
694328,680650
6943747,3217275
6944430,7177901
6945038,7178717
6945039,7178719
6945040,7178720
694524,680844
694545,680864
694554,2813799
694575,680894
694578,680897
694582,680901
6948113,7182294
6948115,7182296
6948251,6154260
6948314,7182536
6948364,7182587
6948406,7182630
6948449,7182675
6948465,7182694
6948538,7182770
6948544,7182776
6948666,7182904
6948833,7183082
6948842,7183092
6948975,7183231
6949021,7183278
6949043,7183301
69494,482251
694942,1219230
6949497,7183776
6949505,3661115
6949680,7183962
6949681,7183963
6949684,7183966
69497,1237212
6949890,7184188
69499,2146123
694997,279305
6950498,1479402
6950499,2362701
6953380,7188318
6957193,7193006
6957466,7193484
695773,17943866
695775,3144982
6958244,7195122
696039,682358
696211,682530
6962204,7199714
696340,682659
6963639,7201583
696508,1546209
6966342,7204847
6966343,7204848
69666,746460
696991,2211676
697029,683348
6973518,6343668
697391,683709
697483,683801
6976387,7216914
6977240,7217948
69777,2029501
6978414,7219565
6978563,2908209
697933,684251
6979398,7220966
6979924,1855987
698159,3334003
6984102,1822150
6984433,7216127
6984768,7226760
6985459,7227469
6985789,7227805
6986173,7228205
698901,685215
6989249,7231550
6989916,7232271
6990402,7232814
69936,1158125
69940,1158125
6994124,7236952
6996603,2910986
699812,686123
6998617,7241967
7005931,7250324
700620,26517868
7006221,7250665
700817,1358908
70111,67930
7011252,7256476
7011580,7256836
7012736,7258182
7012847,7258314
7016200,7262170
701644,2221591
7017090,7263175
7019894,7266259
702040,3017254
702086,2316506
702088,688385
702089,688386
7021333,7267871
7021336,7267874
7022918,384442
7023,10224
7023088,7269881
7023148,7269944
702480,173513
7025486,55548884
702558,688850
702559,680874
7027,3005742
7028,10229
7028069,7275711
7028661,7276356
70293,68110
7030448,933852
7030777,7278748
703157,3163292
703203,2884160
703252,1872003
703300,85702
7037480,4901046
7039846,7288818
704042,690331
7040775,7289903
704152,690440
7041525,7290807
704153,690441
704159,690447
704164,690452
704165,690453
704172,690460
704520,690806
7046991,1160283
704731,1231919
7047862,7298141
704805,691091
7048492,7298830
7051716,7302554
7052317,7303227
7052408,7303326
705257,902533
705273,691557
705429,691711
7054318,7305444
7055089,7306298
7055794,7307118
7056247,7307626
705690,691971
7057472,7309041
705846,692126
705847,3634413
7059393,9213401
7059472,7311296
705985,2492533
706047,44471
706048,2038686
706053,692335
7060914,7312861
706150,692430
706154,692434
7063669,7315990
706466,213788
7065957,12428646
706688,1785972
7069597,1735926
7069884,7323156
707028,255650
7071782,7325327
7071783,7325328
7071785,7325330
7071787,7325332
7071790,7325335
70720,2180358
707240,693516
707243,1494392
7072730,6911860
7073838,7327678
707616,1124494
7076241,37262
707682,693957
707691,693960
707692,693967
707710,693985
707797,1304733
70790,3252320
708206,694480
708435,694709
708465,694739
708549,694823
708907,2324620
7090320,7346434
7091293,7347528
7091314,7347558
7092453,7348852
7092494,7348896
7092508,7348913
709269,695541
709381,695653
7093935,7350637
7095136,7352072
7095139,7352076
7095181,7352126
709526,2016893
7095563,7352607
7096014,7353126
7096916,7354175
7097128,7354424
709739,696007
709979,1366783
7101705,7359697
71023,68792
7102940,7361162
710314,696581
710432,696699
710433,696700
710434,696701
710435,696702
710436,696703
7104430,145600
71058,2180358
7106064,7364661
7106636,7365301
7106638,7365305
7106644,7365314
7106780,50357886
7106978,7365744
7107328,7366157
710750,2627327
710759,697026
7107673,7366571
71089,2180358
71091,2180358
710922,697187
7109443,7368522
7110906,7370190
7112637,7372282
71136,68891
711439,3304221
711443,697706
7114720,7374835
711558,697820
711573,697835
711648,697910
711659,697921
7118768,7379610
7120075,7381117
712020,2444629
712100,698362
712102,698364
712103,1970331
712104,698366
712201,698463
712305,2615216
712316,698578
7123178,7384627
7123496,7384994
712522,698782
712698,698957
712807,2991394
7128581,7390624
7129131,2770233
7132321,2410127
713239,699496
713495,699752
713498,2039654
7135178,7398375
7135312,6726263
71370,1567967
7137657,419514
7137882,2946564
7138161,7401769
7139968,7403805
7142146,6242469
714240,700496
7144222,7408655
714568,1137080
714603,1782584
7147489,7412297
7147813,7412655
714863,701117
7149888,7415051
714989,701241
7149896,7415060
7149900,7415066
7149913,7415083
7149997,7415170
7150128,7415302
7150156,7415334
7150174,7415356
7150178,7415362
715058,701311
7151485,7416902
715231,701483
715232,2223735
715316,527659
7153986,7419734
715403,1215581
7154685,7420529
715538,1281899
715540,701792
7157789,7016773
7157790,7448752
7157812,7449041
7157835,7449260
7157839,7449271
715789,702041
715790,702042
716097,2046505
716162,3234368
716164,1368691
71617,69352
716361,702612
7163889,7514846
716530,702781
716596,702847
7168592,7556969
716944,2961469
71695,69424
7170135,7575310
7171613,7588688
7171620,7588722
7171633,7588820
7171665,7589038
7171749,7589447
7171789,7589613
7171807,7589703
7171841,7589818
7171864,7589899
7171919,7590466
7171946,7590614
7172047,7591217
7172048,7591218
7172051,7591239
7172052,7591248
7172060,7591314
7172063,7591336
7172079,7591419
7172082,7591434
7175992,7621044
7176999,7631028
717843,704093
7179490,7650109
7180126,7657108
7180560,7660526
7181370,7672461
7181829,2375385
7183547,7693400
718473,5491286
718520,704770
7185785,7716826
718646,704896
7186798,7724379
7188023,7736214
7190552,7764032
7197913,7844846
7199828,7869407
7199829,7869408
7200548,7876084
720349,706591
7205104,1508178
720533,706775
720547,706789
7207495,7929841
7208189,7933586
720849,707091
7208637,13122821
7209860,7945322
7211181,7952107
7211182,7952108
721674,707913
7217724,7989214
7218599,7995461
7222455,8016900
722270,708508
722375,708613
722378,708616
722387,708625
722447,708684
7224717,8034304
722547,2972993
7226704,8056317
722864,709098
72290,69987
7229015,8143872
72292,69989
72293,69990
722939,2559810
722946,1146090
722958,709191
722960,1043836
722965,709198
722974,709207
722996,3180793
722999,709232
7230493,8080991
723132,1911468
7232293,8097168
7234738,46022931
7235208,8130482
723892,2497141
724174,710397
7242365,2227698
724277,710500
724514,710735
724659,1359732
72470,514116
7247447,8241852
7249522,8262461
72502,70188
725087,711307
725296,1761721
72543,1948940
725805,712021
725944,2195674
72595,3173907
72598,70273
7259873,8319469
725992,242853
7259944,8319902
7259969,8320017
726054,1359532
7263223,3215136
7264855,8353827
7265244,824600
72658,1950782
72660,1112025
72663,70337
72675,70349
7268995,8391024
726909,713122
726910,2167965
726923,3234388
726930,844533
726931,1390971
726932,1442721
726935,1442720
726990,713203
726999,713212
72703,70375
72707,70379
727158,1158125
727327,1703788
727329,1359568
727334,713546
727364,713579
727380,713592
727428,2094993
7274535,8420825
7274680,2385813
7278826,8456245
7278837,9914053
7281298,8482254
728232,2180358
7283542,8495683
7283980,8500850
728456,714657
728457,714658
728461,714662
728468,1965231
728471,3247111
728477,714678
728478,714679
728479,714680
728482,3287390
728483,714684
728484,714685
7287323,8545054
728867,715067
7291358,8572642
7293597,6971802
7295428,8622915
729625,715825
729630,715830
7298656,8651416
73002,1645517
7302382,8684783
730243,937757
730250,1362076
730276,716475
7303785,8706492
730421,716620
730424,716623
730449,716648
730497,1605261
730498,3274035
730501,1401152
730503,1779240
730596,39902273
730915,443062
7309806,8778287
7309819,8778630
731289,717481
7313390,8814136
7315187,8837081
7315188,8837112
7316522,4121
731804,717994
732185,718375
732308,2940896
7325643,8923976
7326405,7415848
7327318,8944682
7327326,8944721
7327826,8951441
732894,719083
732948,998303
73300,70944
733014,2958123
7331,3462747
733162,1789527
733175,2296398
733186,719375
733188,16677
733194,1998683
7334417,8998356
734069,795552
734070,720256
734072,822084
734114,1197640
73412,71055
734193,720379
734531,720715
734540,311321
734541,720725
734542,2324679
734674,720858
7347110,9089535
734914,48172069
734928,721112
7350648,9112534
7352688,9119007
735279,1946294
735321,1075981
735323,6487882
735326,1075981
735365,1353426
735373,1389054
735550,721734
735551,721735
735572,1841928
735588,721772
735609,240082
735616,1591085
735693,1065014
735695,1186596
735703,56034679
735708,2117241
735711,2117329
735717,3254108
735718,824182
736224,2285399
736345,835962
736347,2454867
736348,2317317
736350,722532
737171,723350
737223,3244521
73800,71413
73806,413998
73810,25072962
73812,2765786
73813,25085677
7382303,9227944
73831,894097
7386860,9245957
738870,642753
738969,260545
739264,131720
739275,303099
739276,872795
739308,725519
739484,963829
739540,2307118
739542,646412
7397414,9286181
7397729,9287351
739840,881085
740776,726942
740778,726944
740907,727073
741007,1497122
741238,727404
7412951,9342952
74130,526421
74143,2528484
741624,55548884
74170,71764
741898,736404
741970,728135
7420542,9372211
7420850,9373450
742125,728289
742171,1313599
742181,3186437
742238,1237212
742272,1952589
74256,123908
74257,5909470
74258,71851
742811,728964
742818,728971
742819,728972
742821,728974
7434832,9425800
743820,104516
74383,71953
7438590,9440505
7438656,9440678
7438670,9440720
7438707,9440856
7438736,9440967
7438974,9441855
7438986,9441962
74412,1015838
744145,730295
7443054,1508178
744333,730482
744461,2488871
74464,48012811
744709,1165619
744786,730935
7449671,9481790
74532,1784447
7453975,9497546
74556,4958243
7455924,9504552
745648,1160097
7456578,9506924
74595,21573159
7460632,9521567
746064,642746
7460893,824446
746240,786694
7464089,9534333
746677,732823
746680,732826
746681,732827
746682,732828
746692,732838
746694,732840
746698,732844
746702,732848
7467434,17784761
746966,817164
74720,591409
747552,733694
74757,987048
747637,16848255
747933,2175154
747942,294179
747945,734087
7480237,9591667
748026,734168
74820,2074360
7483091,9601971
748602,734755
748603,734744
748605,734746
748607,734748
74862,1829890
7493149,9639617
7493592,9641672
7493619,9641735
74996,544373
74997,1075923
74998,1359249
75003,72545
750035,736173
7501849,9673265
750231,736369
750456,736593
7505716,9686589
7506178,50237548
7507885,9694779
7507909,9694901
7509842,9701993
7509899,9702458
751233,2737380
7513680,9715936
751560,737693
7516739,9726966
751765,737897
751920,738052
75193,72733
7519327,9736049
7520574,9740192
752404,738536
7527478,9763301
752749,809501
7528717,9767249
752907,739035
752923,739051
75293,72831
752997,739124
753024,739150
753035,1790581
753065,3079966
753118,739241
7531218,9775496
7531219,9775500
7533659,9785014
753509,739630
7540259,9808183
7540587,9809254
7540609,9809284
7540751,9809884
7540863,9810238
7542029,9814894
7542513,1111779
7542670,9817220
7542823,2543234
7544456,9823011
754478,740599
754690,740809
754981,741099
755002,741120
755031,741149
755062,741180
755153,741271
7552063,9847549
7552065,9847551
7552067,9847554
7552350,9848748
7552359,9848777
7552361,9848796
7552387,9848910
7556643,9863707
755774,741890
7558007,9869118
755876,741992
755887,742003
756247,742360
756296,742409
756342,742459
756604,413998
756607,413998
756711,1139913
756712,742825
756770,708860
756776,3014191
7570143,9913021
7571027,9916445
7573098,9924560
7573217,9924989
75753,1313599
757631,743744
7576639,9935779
7576782,9936372
757712,1405268
757713,1217257
757716,3162962
757845,743956
758509,744620
758510,744621
758511,744622
758602,744712
758707,744816
758939,745048
759315,745424
7594284,26470595
759611,810506
7598284,10009474
7599146,10013269
75996,73525
7600246,10016447
760129,746226
760148,234218
760166,746263
760168,746265
760181,375916
760191,2992230
760205,575600
760207,746304
7602405,10024250
7603179,1760649
7603423,10028916
760396,746493
760397,2055054
760422,1217661
760424,1177683
760535,1384689
7605576,95547
7606545,10039887
7606548,10039904
7606551,10039921
7606556,10039930
7606657,10040440
760848,4653880
761147,747243
761170,888202
761190,3017488
761305,2236675
761365,1645517
7615601,10077444
7616655,10081263
7618294,9830198
7618967,1069597
7619397,10091603
7619406,10091637
762101,21983016
7621049,10096116
762110,748203
762193,748286
762224,748317
7622249,10099159
762288,748381
7623958,10106657
7624338,10108262
762459,1281252
762517,748608
762523,748614
7625303,10112674
7626074,10115017
7626169,10115301
762677,14816545
762684,748774
762781,3017004
762783,748872
763167,824600
7632442,13427473
763468,708860
763482,869512
763489,1193226
763506,749591
763528,749613
763529,749614
763588,3464264
763730,749812
7637957,10160398
7640262,10168578
764074,750155
764075,750156
7641180,10171805
764166,894076
764167,996662
764168,750249
764173,750254
7642035,10175150
764220,750299
764225,750304
764230,750309
764302,750382
764303,750380
764304,750381
764314,39915815
764374,2441994
764436,17500
764479,354694
764494,2288025
76467,73982
76469,73984
764695,750768
76471,73986
76472,73987
76473,73988
7647311,10195957
76474,73989
76475,73990
764835,750908
764840,750913
764964,900984
7650541,10208695
765115,17602
765148,2260195
7651540,10212147
765193,1831295
765281,751354
765296,1038552
765300,1038511
765301,1785448
765306,1621302
765313,2246001
765376,751448
7654852,10224251
7655879,10228376
765590,998447
765601,25246
765654,2130956
766019,752087
766020,56647
766043,752111
76624,2905864
7662594,10254728
7662596,10254740
7662609,10254856
7662614,10254887
7662733,10255294
7662997,48028317
7663199,10257545
7663233,10257636
7664005,10260437
7664165,10261158
7666580,10267945
766671,752739
7666763,10268179
7666918,10268526
7666923,10268536
7666928,10268551
7666938,10268570
7667753,7659258
7667922,2779795
766917,3259531
766954,477124
766955,434352
766956,2363835
7669945,443186
7673156,2379261
767352,753417
7675456,10298948
7675497,10299056
767574,1076032
767680,3132746
767765,753829
767834,753898
7679224,6048054
7680325,10318601
768045,459490
76817,1313599
7683285,10330134
7683345,10330350
7683350,10330384
7683419,9549746
7683459,10330742
768376,1237212
7683907,10332501
7684267,10333675
7684285,10333742
7684931,10335617
7684987,10335860
7684993,10335866
7685361,10337146
7685546,10337842
7685736,2302767
768639,10074984
7687,10763
7688479,10349099
7688496,10349182
768871,754933
7689983,10355356
769060,21430714
76920,1508178
769233,755293
7692533,10364750
769265,1282657
76931,74384
76932,74385
76933,74386
76937,84908
76946,2232945
76947,270263
769471,755531
76948,74401
76950,123324
76953,74406
76955,146042
76968,2211665
76970,1081238
769748,1463367
76976,74429
76978,74431
76981,1081259
76983,3100695
769849,755908
769869,916767
7698693,10386687
769925,755984
769932,755991
769952,25811
769954,756013
769955,756014
7699554,10390290
769977,756036
770038,2201870
770040,756099
770051,2484218
770059,119267
7705827,10412406
770614,3047044
7707210,10417805
7707254,10418089
7707268,10418157
7707286,10418249
7707296,10418339
7707307,10418401
7707344,10418518
7707348,10418559
7707350,10418563
7707357,10418580
7708355,1521763
77100,1096077
7711854,10434304
771237,757295
771287,1752228
771298,757355
7714283,10442982
771472,757528
77152,3873060
771684,2685281
771706,757760
7718020,10457241
771952,1731888
7719823,407064
7721611,10472465
7721613,10472469
7721614,10472475
772407,758460
7724334,10483106
77270,17441265
7727056,10493779
7727065,10493817
7727078,10493844
7727106,50098377
7727128,18166905
7727577,10496417
772804,46014585
77303,74706
773276,2992071
773277,759328
773278,759329
773285,2615068
7733167,22293892
773338,759389
7734457,113746
773480,160884
773507,127222
773514,340031
773604,2666907
773606,214429
7736087,40697560
773622,759671
773665,759714
773689,44775
773690,1094179
7737606,10536343
7737834,10537440
773788,3078724
7737900,10537863
77390,63845
773901,380301
773903,759952
77391,1404690
773915,759967
77392,535245
7739289,10543442
77393,2946564
77394,1133797
77395,7071165
773951,484402
77397,3043272
7739838,10545406
7739868,10545553
7739887,10545685
7739901,10545720
7740,21403188
774001,888927
774011,760060
774012,3289811
7740444,10547914
7740753,10549296
7742026,10553921
7742248,1877856
774337,760383
774396,1285813
7744252,10564936
774449,2221897
7745198,14211268
7745199,10568519
7745377,10569040
774544,2781420
774557,760601
774571,244466
774576,1283325
774587,2995157
774597,1369492
774600,760644
7746065,10571270
774607,3337313
7746138,10571602
7746175,10571696
7746189,10571756
7746208,10571838
774623,827585
774631,1194765
774632,760675
774663,760706
774705,120878
7747422,10577192
7747692,1952938
774871,78248
7749082,10584343
7750919,10591143
7751052,10591780
775293,761331
7753757,10602732
775386,761424
7755071,1249788
7755154,2615068
7755178,866909
7755903,765155
775597,954532
7756088,10612078
7756092,10612090
7756093,10612091
7756101,10612130
776049,762087
7760895,22294188
7760941,10626773
776140,2181748
776143,238289
776150,762188
776157,762195
7761689,10629671
776190,2162300
7762771,10634004
776391,762428
776407,3244521
776670,762703
7768908,10655344
7769,1603647
776937,762970
776984,3327855
7770,98895
7770232,10660527
7770551,10661907
777072,1402758
777073,2933942
777074,4132
777075,11181
7771,10821
7772,2069969
7772380,10668786
7773,979116
777396,3096432
777406,136482
7775,10825
7775553,8407456
7775569,10681995
7775591,10682033
7775599,10338062
7775608,10682089
7775623,240756
7775666,10682245
7775718,10682368
7775745,10682422
7775814,10682647
7775823,10682658
7775849,10682688
7775873,10682781
7775874,10682782
7776,10826
7776054,3186437
77762,2933942
77763,3327855
77764,1366740
77765,11181
77766,1200805
77767,2884161
77768,2299540
77769,1402758
7777,519758
77770,4132
7778,267087
7779,933973
7780,10830
7781,1088828
7781692,6548934
7783,3218330
7783920,10714283
7784,886002
7784196,10717823
7785,2333951
7785122,10721831
7788,635362
7788902,10737100
7789,3088051
7789203,10738083
7789204,10738084
7789231,10738197
7789233,10738214
7789278,10738426
7789295,10738479
7789826,10740541
7790,98895
779021,23684401
7792370,10750215
779344,765371
7793985,10757235
7794041,5183265
7795066,1484561
7796750,10765943
7797,10846
7797184,10767909
7799982,10779559
7800322,10780803
7800835,10782764
7801625,10786058
780194,2126118
7803179,10792913
78039,1284999
7804164,10796785
7804194,10796848
7805037,10799496
7806684,10806157
7806771,3349054
7806788,1059917
781498,767519
781557,3719102
781564,2131198
781566,2056451
7815825,10840740
7818214,10850026
781822,2765786
7818301,10850338
781983,768000
7821370,10860364
7821688,10861433
7821771,55548884
7821826,10861799
7821862,10861940
7821925,10862248
7822185,10863141
7823514,10867198
7823678,10867827
7823916,10868530
7823948,10868617
782513,1085162
7825557,10874302
7825834,10875228
782593,1988123
7826551,10878283
7826578,6330152
782693,858703
782796,1059910
782854,768864
782926,1313599
7829741,10889149
7830908,10893320
7831428,10895817
783179,1945168
783181,769185
783182,769186
783195,1107925
783218,3062634
7833075,10902128
783567,1388254
783575,769578
783609,769612
783685,769688
7838912,10924218
7838936,10924326
783963,769966
78405,75717
78406,1973906
78407,288859
78408,126288
78409,1973907
7841091,10933445
78411,1069597
78413,1069597
78415,75722
78416,75723
78418,888312
78419,888312
784232,112839
7843500,10942838
7844751,10948231
7844798,10948327
7845044,10949194
7845103,10949379
7846067,10953171
7846158,10953527
784672,770672
784680,770680
784686,1785961
784687,770687
784690,770690
7847098,50542870
784715,1603647
784726,266053
784804,770804
7850289,10970193
7850872,13379210
7850874,13427524
7852527,1133797
785375,3633826
785452,771450
78548,872268
785522,771522
785553,771551
785561,771559
785597,771595
785656,1212751
785669,366393
786059,772057
7862086,888312
786224,772222
786235,772233
786237,772235
786256,1316672
7863097,11017678
7864625,11022961
786621,2118
7866583,11029892
786878,772874
786945,3186437
7870217,11043984
787067,773062
787070,773065
7870703,851131
7871266,11048128
787147,281819
7871564,11049244
78720,76010
7872793,11052446
7872794,11052447
787432,173513
787434,1993810
787458,460724
787540,24339014
7875415,11061117
787548,773538
7875894,11063093
7877750,11069931
7877756,11069960
7877831,11070210
7877888,11070398
7877893,11070413
78783,2721532
7878408,11072139
7879112,11074556
78811,76097
7882,1402758
7882104,11086043
7883148,11091314
7883404,11092118
788406,774395
788408,774399
7885,1402758
788548,774537
7887,10909
7889493,11112540
7890,10912
7891,10913
7893,10915
789344,1998683
789345,775334
7894,2218229
78950,2180439
78951,1335010
78952,1334877
78953,1334992
78954,919112
7895449,11134248
789558,48161066
789559,1063622
78956,76237
78957,76238
78960,6582437
7896615,11138719
7898,10920
7899,10921
78991,76271
789984,775969
7899871,11150529
79002,76285
7901,10923
790260,776245
790268,776253
7903237,11161474
7904,804295
790468,776453
7904769,11166496
7905086,6803715
7905977,11169086
7906,2867857
7906597,11171088
7907,2395673
7907274,11174234
79078,858703
7907828,11176187
79079,76357
79083,76361
79086,76364
79087,76365
79088,76366
7909,10931
7910717,11187387
7911,1167387
791133,777118
79121,244691
7912855,21599604
7914,10934
7916,10935
791606,777590
7917254,11227839
791790,443063
791792,777776
791794,777778
791796,777780
7918,81
791808,777792
791809,2677900
791810,777794
791812,777796
791835,777819
791841,179156
791853,777837
7918709,11215772
791872,44530641
79189,76465
79191,2621154
791916,6550124
791928,777912
791929,777913
792156,261596
792159,3123164
792162,778146
792225,778209
7923842,11231921
7924,2035555
7924176,11233143
7925,2440327
7926,361114
7927634,11244551
7928,2969220
7929931,55548884
793012,2811014
7930163,11254137
7931240,4121
7931704,11258274
7932,84
7932124,7200899
7932545,11261734
7932713,11267566
7932775,11269671
7933002,57999742
79331,2937115
793313,2998513
7933699,2042814
793398,2993648
7934326,11310689
7935679,11337107
793590,408381
7936287,11339831
7936799,7181920
7937031,11342616
793749,1497766
7937971,11348227
7938098,11348640
7938371,35731
7938740,11351103
793886,779866
7939,1964709
793903,779883
7939682,1484561
7939979,11364171
7940,947917
794022,780002
7941,10952
7941658,11371527
7941704,8439992
7942,10953
7942037,11374727
794226,780205
794227,780206
794228,780207
794229,780208
794230,780209
79425,1814587
7944175,11425919
794424,780403
7944669,11442388
794739,780718
794740,780719
7948,464792
794864,780843
7948876,11557321
7949,10960
794905,1958895
794906,780885
794910,780889
794931,780910
794933,251850
794934,780913
794943,780922
7949530,11559857
7951,10962
7952110,9446854
7952209,10258802
7952589,11581136
795307,19168485
7953998,11592752
795437,781415
79545,24663108
79547,3024935
795486,1179795
79549,85702
79551,76814
79552,1328126
79579,1416292
7958006,11710913
7958890,11746849
795921,267076
7961855,11843276
79626,891861
79627,76889
79628,76890
7964060,11891277
7965465,11933483
79667,5491285
7967246,11988227
7967327,11990299
7967563,12000755
796808,782778
7968930,12039033
7969697,12059928
7971302,12106339
7972076,12130203
7972251,12137692
797298,783265
7973658,12191836
7973676,12192656
7973687,12193006
79746,1208110
7975507,12257737
7975989,12272737
797643,2123771
7978,2514886
7980102,12371077
7980104,12371081
7980144,12371638
798048,784013
7984963,12436440
7986202,12442609
7986212,12442638
7986382,12443487
7986564,12444559
7986868,12446087
7987388,12449464
79879,46681
7989997,12463766
7990017,12463836
799072,785046
799073,1473664
799075,1982775
799150,2305225
7992,10979
7992423,12476589
7994444,12486955
799751,863623
7997717,12506275
7997720,12506282
799793,785758
799794,785759
799803,785768
799804,2806973
799836,785801
799861,785826
7999433,12514837
7999750,12516095
800088,786053
8004,1900
800611,3168593
800705,786668
8007515,12543016
8007855,12544329
8008082,12544936
8008278,12546010
8008715,12547904
8009,10987
8012,2431092
8012287,12561851
8013,1334946
8013188,1484561
8014,898113
8014455,1328126
801449,787412
8016,10994
8016831,11363160
8017032,12581700
80171,77418
801885,787848
8020,10998
8021,10999
802312,1842169
802348,2291926
802349,788310
802362,1842159
8024,1334926
8024682,12609864
8025,11003
8026544,12617168
802856,788816
803171,649854
803175,789135
803191,789151
803207,824600
803211,44775
803213,1784447
8032440,12640335
803271,1141772
803273,866909
8032954,12641540
8032967,12641564
80349,1863
8035427,12648807
8036432,12651790
8036435,12651801
8036436,12651802
8036438,12651811
8036440,12651818
8036444,12651822
8036446,12651824
8036448,12651826
8036452,12651831
8036457,12651837
8036458,12651838
8036459,12651839
8036461,12651841
8036479,12651875
8036481,12651879
8036498,12651899
8036503,12651904
803651,789611
8037158,2260195
803724,789683
80377,2517537
803980,789939
803982,789941
8039919,12664911
8039941,12664971
804146,790105
804151,790110
804159,1874607
8043512,12677587
8044433,12681001
8044557,12681527
8044563,12681553
804568,2413583
80461,77696
804776,790734
804964,856203
805052,1778412
8050771,12704357
805107,791062
805362,791314
805598,3186437
806174,792119
8063770,1161931
8066126,12759099
80670,2908333
80671,879886
80672,2055054
80674,160962
8067424,10428038
80678,77898
806783,792727
80679,1046222
80680,1168322
8068015,12766082
80683,324576
8070225,12771931
807109,793052
8071440,12775991
8071442,12775993
80727,3215136
807283,793226
807286,793229
8073,11045
8073462,12782148
807679,2105973
8079108,12801150
807968,1982773
808017,793958
808095,794036
808122,1229585
8081474,12807320
8082349,12809854
8082354,12809865
808399,794340
808400,794341
808402,794343
808528,1561359
808529,794470
8087051,12823575
808758,794699
80877,78088
808821,1181036
808853,251371
8089087,12831048
809094,795035
8093859,12847810
8094582,12850072
809537,795478
809539,120945
809619,795560
809629,795570
809634,795575
809640,795581
809653,1528950
8098139,12863007
809849,795790
809852,1202986
8098587,12864843
809939,795880
810037,1071104
810041,1163118
81009,2820085
81010,2440216
81012,1281598
8103107,12887607
8105153,1611849
81081,572329
810859,796800
8108656,12903093
810867,796808
8108999,12903613
810947,796888
811027,796968
8110289,12905210
8110292,12905213
8110300,12905223
8110302,12905226
811088,1349038
811090,3176431
8111310,15959
8112318,12907434
8112765,12907931
8112978,12908164
811335,797273
811337,1137764
811340,797278
811342,797280
811347,797285
811359,797297
8114644,6196181
81149,78347
81150,352500
81151,78349
81155,78353
81164,78362
812442,1368514
8124663,12920308
8125190,12920839
8125349,2113600
8127,3464264
8129,23731137
8130,3464264
8130338,12926090
8130369,12926123
8130502,12926260
8130616,12926377
8133190,3464264
8134212,1656177
8134520,3186437
8134703,1158125
8135560,1313599
813643,799579
8137,166374
8137055,12933388
8137463,45962572
8138481,822151
813889,799825
8139,63845
8139113,80497
8139114,2927650
8139824,12936271
814060,3464264
814106,800042
814144,683686
814149,800085
814357,800281
8143703,12941158
8144,2114
8146139,3252320
8146206,891152
814677,800601
814858,800782
814933,800858
8150032,12949969
8150045,6532095
815056,800979
815158,2028676
815159,57799980
815215,266053
815218,1617044
815234,359311
815261,801184
815262,359299
815263,1611721
8152636,1993810
815264,277143
815265,801188
815272,2403076
815299,801222
815300,2169168
8153948,12988636
8154061,12810026
8154114,12989855
815442,801365
81557,78754
815575,19928117
8155991,1508178
8156095,12994806
815640,2904917
815696,539116
815985,801906
816215,802129
816216,40225404
816223,2685863
816238,802152
8162923,13005980
816395,802336
816473,3155868
816484,933973
816486,2716406
816487,2736871
816515,802423
816631,1390964
816633,141909
816658,1730345
816660,802550
816735,2455434
816752,164744
81702,78883
817315,803202
817316,1595522
817317,803204
8176497,1133797
8176569,13023059
8176853,13023353
817720,803598
817744,1703703
817835,2146706
817836,1165972
817837,984147
817838,838691
817839,1168377
817982,126861
818016,803894
81807,78985
81808,391459
818095,803968
8181657,25169
81829,1560498
818430,804295
818445,340031
818534,1679740
818559,1777373
81856,79032
818618,564299
8187385,13034102
818786,1283981
818801,804661
818857,19212656
818892,1371747
8188973,13035706
818901,804761
818978,63267
819043,804902
819044,804903
819045,1888132
819046,804905
819047,561754
819048,282680
819050,1416167
819051,804910
8190648,13037408
819067,2901139
819073,2402163
819137,804996
819138,1206745
819142,805001
819198,805057
8193827,13040648
8194264,1061285
819501,251932
819594,2580257
8196668,535245
819667,1215900
819682,3464264
819728,1133797
819910,520982
819913,3325885
820075,1310215
820080,4121
8201,499320
820175,244031
820182,496227
820273,700809
820274,806122
8203202,10722186
8203496,63845
8204,11158
820517,218134
820588,134391
820589,45962572
820592,45962572
820605,806448
820692,806534
820816,304233
820861,2223682
820863,1589622
820902,806739
820903,1258731
821000,1359963
821003,3355608
821018,620002
821032,806869
8210377,52268770
821099,1161931
821162,2237401
821292,807125
821295,110084
821422,807250
821430,885037
8215438,13062609
8217477,1223157
8218,2044630
821825,807646
8218418,1955922
8219,2852640
82191,79363
822025,807846
8220585,13067803
822187,2846205
822292,2277518
822370,1067474
822377,808190
822392,41823
822421,2674739
822551,808364
8227,1200816
8227683,13074953
822814,8501
8228407,53788486
8229399,13076690
8229566,46005151
8230,269846
823042,966290
823043,884960
823068,808866
823069,808867
823094,808892
823125,808923
8233,1200815
823315,809113
823337,809135
823343,122447
823355,353355
823587,535245
823588,63845
823592,3464264
823596,3464264
823696,809494
823706,809500
823796,1345266
824063,809846
824077,809860
824122,3186437
824204,258562
824218,809994
8242295,7963983
824239,810015
8242755,13090271
824283,810059
8244,1019026
824506,810278
824519,2739936
824520,810292
824658,810429
82467,50357824
824728,2736826
824734,933480
824736,810503
824742,810509
824752,2961469
824787,1812008
824788,810555
824789,810556
824790,1811987
824791,2238589
8248,2933942
824854,2052516
82491,79637
824934,1364615
824972,810735
8250,8036681
825081,1223344
8252,1366740
8252371,13100069
8252491,13100189
825292,11044
8253,2299540
825334,360443
8253491,13101208
825377,2919579
825382,811142
825575,1410535
825576,334487
8256,1200849
825661,86428
825676,1245146
825679,811425
825680,811426
825740,3215136
825741,811487
825750,2918008
8258510,13106325
825939,261916
82599,79745
826016,811761
826066,774538
826095,811840
8261206,13109096
826215,811954
826281,812020
826362,812096
826576,812304
826580,45331
826582,976480
826583,812315
826584,3075681
826585,421426
826586,812314
826587,812315
826588,812316
8266760,13114825
826763,812489
8268180,13116271
826852,812581
82695,79839
82697,2041061
8269720,13117835
82698,79842
82703,79847
82708,1006819
82709,694088
82721,2373871
82724,18328113
827373,813097
827430,484412
8274537,13122821
827501,3053884
827506,699284
827516,813240
827608,2326159
827846,813563
827989,330875
828000,813708
828063,813771
828084,1685656
8282,3327855
828220,813918
828391,814088
8285,11233
828655,814352
828656,814353
8288779,893856
828990,2897311
828992,2475397
8290,2244924
829315,2772510
829395,815078
8294261,13142839
829477,815160
8294865,13143466
8294964,13143565
8296,11181
8296006,13144622
8297,1200805
830051,1176812
830061,815737
830062,815738
830097,1416904
8301170,13149892
8301450,13150179
83015,209145
830182,1282066
8301964,13150706
830595,778444
830613,46012447
830697,3225973
830746,816403
83089,80221
8309278,2543234
830942,816599
830971,2222671
8310335,13159438
831120,816776
831193,816849
831218,816874
831277,21402396
8313622,13162797
831366,817019
831386,817039
831452,817105
831470,41433707
831504,2984458
8315358,13164568
831709,1579656
831710,1579656
83173,688410
831793,838691
831842,817492
831865,817515
8319728,13169138
832020,817670
832021,817671
8322,2884161
832252,817893
832288,817933
8323326,13172815
8325307,13174820
832605,2180358
832695,818328
8327625,13177198
8327899,13177552
8327903,13177561
832911,818544
833046,630506
833060,2914785
833095,1668869
8331279,13181313
833135,2269930
833140,3004895
833171,2645610
833173,818802
833228,2538144
833229,1336391
8332386,13182463
83345,55548884
83346,45962572
8335057,13185365
833535,46151575
8335448,13185853
833549,1451198
833550,819179
833551,819180
833688,819314
83369,80497
8337,1200805
8339286,13190095
834089,819709
834092,819712
834283,2243268
8343683,13194806
834392,1061285
834430,820046
834446,820062
834449,820065
834493,820109
834495,235307
8345353,13196558
8345536,13196777
8346300,13197781
834688,820303
835010,2986754
835011,820625
8350115,13203109
835012,820626
835013,820627
835014,820628
835015,277880
835016,820630
835017,2995510
835018,820632
835022,820636
835023,820637
835024,820638
835027,820641
835028,2995521
835032,777820
835035,820649
835036,820650
835141,820755
835158,820772
835178,820792
835202,3346189
835210,820824
835224,231918
835225,207482
835306,820920
8354061,13207503
8354244,13207708
8354356,13207847
835451,1244261
835452,1141211
835495,400452
8355296,45962572
8356081,13209995
835652,847402
8357743,13211909
835822,821436
836240,821853
836335,821946
836392,822003
836418,500774
836485,2056306
836486,822097
836621,40370
8366238,13221350
836724,822333
8367906,13223253
836924,1232599
836945,822554
837393,41889
837418,3326585
837501,174503
837522,2880113
837524,1014146
8377369,13233296
837904,823482
838059,30530
838073,30530
838074,30518
838126,823701
838161,805451
838163,501993
8385950,13243231
838865,3084097
838875,824446
838892,2765786
838989,42911488
839077,359376
839263,631122
839273,3215136
839277,824837
8393430,13252152
839553,260709
839554,825114
839564,825120
839852,825405
839969,825522
839971,825524
840237,2765786
84028,2844175
840587,826135
84060,809500
8407318,13268259
840832,24176925
840833,826380
8408981,13269994
840907,3072197
8409380,13270578
8409643,13270902
8409656,13270923
8409657,13270924
8409672,13270952
841110,2497560
8411631,13273083
8411673,13273137
8411679,13273146
841394,1176022
841396,1176010
8416605,13278861
841679,2543581
8416801,13279105
8416814,13279124
8416928,13279307
841816,827361
842002,475173
842048,827585
842068,827606
8421286,13284176
8422222,942531
842452,2244493
842464,2095108
842497,699038
842528,194486
842529,828065
8425306,13288474
842644,828180
8428716,13291938
843019,828551
843034,828566
843193,828725
843240,828772
8432542,13295962
8434653,629126
843550,145434
843604,829133
843610,829139
84369,1059917
8437458,13301033
8438622,13302240
843881,1285373
843918,1715188
844244,829770
8446293,13310189
844659,1063767
844936,830462
844940,2653442
845122,3045015
845140,349620
8451970,13315932
8452661,7211062
845403,94898
845404,2176831
845576,1508178
8457852,1061285
845812,831338
8458267,13322437
846042,1305105
846043,831569
846044,3101616
846052,895843
846065,502342
846066,194618
846132,831658
846153,831679
846154,831680
846387,831907
84644,81700
846467,839692
8466286,13330773
8467940,13332487
8468164,13332726
847012,1499337
847018,1499337
847041,1993810
8471012,13335679
8471013,13335680
8471016,13335683
8471054,13335721
8471301,13335979
847146,832663
847235,832750
847395,2985150
8474722,13339503
8475647,13340479
8476259,1232586
847692,833207
8477175,14694693
8480820,13345897
848294,833809
848589,1773894
8486640,13351930
848709,834222
848710,834223
848711,828725
848713,834226
848878,565218
8488985,13354380
849065,2237401
849139,3045637
849203,834716
8492649,13358176
849287,29499
8493053,13358601
8493112,13358665
8493412,13358973
8493414,13358975
8493424,13358985
849451,103828
849464,834976
84952,1738595
8496,11442
84968,81999
84974,82005
8497878,13363639
849797,835309
849799,2642263
84981,1955922
8498474,571313
849993,1385132
850002,2118846
850244,835756
850246,2211526
850249,701140
850251,499682
850252,2425351
850253,499517
850255,835767
850289,835800
85036,2670213
850385,835896
850389,835900
850390,835901
850391,835902
850392,835903
850396,835907
850397,835908
8504009,1061285
850405,835916
850406,835917
850410,835921
850411,835922
850413,835924
8506671,13372764
8509122,13375298
850966,836476
850988,389038
8510752,13376985
851219,2904302
8514027,13380504
851537,837046
8515503,13382051
8516125,13382727
8520208,1685656
8520263,6803715
8521055,13387853
852300,837809
852313,1448707
8523478,13390380
8524741,13391680
852593,838097
852594,1209957
8525961,13392953
8526377,13393382
8526585,13393596
852679,362258
852724,1738595
8530997,13398151
8531481,13398657
853183,1168377
853233,6573247
8533167,13400402
853328,838831
853352,604522
853374,499563
853378,838881
8535043,13402355
853577,1937310
853603,839101
853707,839205
853708,490499
853710,3350176
853719,1286367
853723,839241
853729,1023758
853854,1782584
853871,1782584
853949,839447
853979,2961469
854006,839504
854240,2682725
854251,443119
854252,1206964
854253,2299540
8544501,13412267
854648,227678
854744,840236
854764,840256
854768,2572134
854821,3362822
854836,840328
8549970,35731
8550162,1209757
855118,2984586
8552222,13420308
8552223,13420310
8552984,13421103
8553037,13421156
855581,841071
855685,841175
8559036,24973655
856112,841594
856113,841595
856114,841596
856115,841597
8561671,13430085
8561672,13430086
856173,841655
856177,841659
856178,841660
856225,841706
8563496,13431960
856384,2015916
85663,1191587
85685,1383723
8568678,13437333
8568700,13437356
856872,842326
856877,842331
856932,842386
8569877,13438557
85705,82702
857092,842546
857093,842547
857094,842548
857095,842549
8572071,13440826
857227,269883
857415,842868
857418,842871
857445,325563
857447,1974395
857448,368224
857492,842945
857501,19838
857503,2484218
857528,842981
857556,3335106
857597,843050
857705,843155
857715,843164
8577978,13446991
857828,731675
857835,1231869
857860,843314
857866,446280
857872,446280
857911,2564478
857916,53778790
857920,843370
857926,843370
857937,2039654
857944,843390
857980,843429
858037,843487
858078,1508178
858096,1872003
858115,843562
858125,843578
858132,843579
858143,2756810
858152,2756810
8581550,13450740
8584708,13454010
858493,843935
858494,843936
858496,2533327
858497,843939
858498,843940
858513,2394502
858514,1705201
8585216,13454547
858534,95547
858539,1225592
858584,1381955
858586,844029
858590,2263680
858592,844034
858593,844035
858627,844069
858715,844158
858719,1231120
858726,275457
8588579,13458027
8588581,13458029
859037,844478
859077,844524
859091,1442720
859118,63845
859119,2946564
85916,866909
8593539,13463199
859370,844810
859427,2629471
859721,845161
859722,845162
859744,845184
859745,845185
859747,845187
8597583,13467351
8597653,13467422
859778,1116493
8598,57031132
85992,82980
8601696,13471633
860201,1377689
8603442,13473501
860393,845833
860559,845998
860560,35772
860642,846081
860643,846082
860645,846084
860744,3042367
860745,2151076
8607450,13477700
8607905,13478171
8608968,13479267
861056,10846
8611586,13481963
861167,1625130
861239,1837885
861358,573128
86156,83142
8618142,13488680
8618162,13488700
8618163,13488701
861955,1185733
861964,847392
861969,847402
8619814,13490451
861987,1047786
861989,2654036
861990,847418
861991,847419
861992,2499190
861994,847422
861999,47706
862000,1466025
862001,47686
862002,1006859
862004,3133325
862006,847434
862007,847435
862010,691535
862011,47663
862012,2653538
862013,847441
862014,847442
862016,847444
862017,847445
862018,847446
862020,35773
862022,2282838
862025,544331
862356,4028736
862369,361223
862377,847804
8626074,13496796
862618,1731888
862622,1731888
862675,848102
862686,2402163
862703,2402163
862890,848317
862891,6478850
862892,848319
862893,721885
862894,1065014
862897,1200442
862900,1598455
862908,848335
86336,83319
86337,1154467
8636227,13507039
8636275,13507087
8636284,13507096
8636292,13507104
863910,849328
863915,3024518
8643438,13514498
864497,849906
864675,850084
864997,1920769
8650810,13522018
8651444,13522664
8651532,13522757
865373,850775
865381,850783
865664,851066
865729,851131
865732,120973
865735,851137
865736,870702
865746,851148
865752,851154
865774,851176
865850,851252
865957,851372
866260,851661
866337,851738
8664164,13535678
8664382,13535906
8664493,13536018
866551,851952
866600,20352
866618,2180358
8666266,1679621
8666745,13538354
866736,852137
866753,852154
866760,11690
867180,299651
867182,852580
8672097,13543919
867234,3104259
867248,650820
8674493,13546353
8674903,13546769
867615,853011
867650,2768040
868251,853641
868261,2096337
868262,853652
868266,853656
8682747,13554918
868668,854054
868773,854159
8687916,13560275
868800,562712
868899,854285
868945,854331
868969,854355
869040,2249967
869134,1715165
8693243,13565791
8693500,13566055
8693691,14693634
8695048,13567637
8695478,13568090
869640,855021
8697527,13570202
8699514,13572244
870012,855384
8701442,13574228
870296,885353
8705537,13578351
870741,3020535
870834,856203
8708440,13581279
871143,145437
871144,552020
871145,277518
871158,856527
871181,856550
871213,856582
871218,1014783
871287,86934
871319,2402163
871514,1075923
871555,856924
871884,622236
871980,1345097
8720262,13593181
8720705,13593625
8720892,13593812
87218,1222529
87219,84188
87220,963222
87221,84190
872215,857580
872216,857581
87223,1222540
87224,153298
87225,84194
87226,2287543
8723737,2402163
8725909,13598873
8725928,13598896
8725929,13598896
8725930,13598890
872617,1994359
872640,858005
872643,3035916
8726737,13599711
8726915,13599891
872712,858077
87277,84242
872789,858154
8728461,13601449
87294,3004963
8730566,13603591
8731106,13604136
8731327,13604359
8733685,13606735
8734837,13607904
8735907,3193161
8736934,13610020
873746,859100
873783,859144
873903,1178369
873904,859260
8739824,13612956
8739826,13612958
8739904,13613036
8740110,13613243
874027,41326261
8740736,13613884
874393,859748
874562,506009
874787,860142
874865,860212
874915,860262
874920,860267
875035,860378
875078,732543
8752732,13625956
8752812,13626037
87538,84503
8753840,13627079
8754563,13627817
875465,2989019
8755226,13628495
875525,860868
8755699,13628981
875593,860936
8756402,13629691
875659,3273700
87573,1600217
87575,3090824
875947,861290
875989,861332
876237,46681
876244,861584
8762662,1168377
876348,2534802
876349,861689
876399,861739
8768,11687
876832,862160
8769,3228286
877658,240519
877689,863017
877778,863106
877779,863107
877780,863108
877801,1824362
8779728,13653397
878243,863571
878244,1391246
878245,2985107
878261,1183978
8787053,13660830
8787072,13660849
8797,1314369
879750,2933942
87976,1081259
87986,84913
8801,2563874
880161,865455
880224,865518
880225,865519
880488,865782
8806,1027514
8808,1595975
880837,259304
881,5105
881187,817164
881416,866708
881483,1437188
881501,870671
8815064,13689361
881515,866806
8816948,13691271
8816966,13691289
8816978,13691301
88179,52268857
881838,543207
8818672,42096341
8821960,13696298
8822177,13696520
88272,1462068
882843,868120
882986,868263
883051,868328
883055,3371032
883056,368266
883225,868500
883299,1735353
883300,915031
883302,868576
883309,3023970
883343,868617
883367,2379261
883399,868671
883427,3464264
883442,1993810
883625,48413833
88366,85272
88370,85276
883993,869264
884007,941496
8844,2180358
8844663,13719569
884481,869751
88455,85358
884620,869890
8848274,13723277
885098,870363
885187,2016265
885190,870455
88527,85430
885349,1404987
885350,1652750
885403,870671
88544,85447
885453,632674
885464,34270
8854898,13730020
885497,1346999
885498,1241685
885500,335506
885505,2478492
885512,630671
885655,870918
885910,1703703
886095,871358
8861763,13737036
886364,871626
8863737,13739064
886410,2377472
886449,871710
886512,2983941
886985,2521766
886989,2145669
887010,872268
887075,2062217
887089,872347
887184,872442
887198,872456
887520,872771
8875715,13751404
887573,3021353
8875886,13751575
8882025,866909
888410,873659
888513,2985119
8889749,13765840
889048,874297
8890498,13766609
8890785,13766903
8891934,42909770
889244,105046
889245,9921
8892468,41192964
8892744,13768911
889439,419514
889706,874955
889744,614921
889750,2650729
889786,849332
889859,875108
890060,875309
890167,875416
890174,875423
890175,2226876
890176,875431
8901928,13778160
890221,23907182
890282,2516141
8905165,13781443
8905731,13782022
890685,875926
890686,875927
890965,876206
8910678,13787045
89128,86021
891694,277308
892027,877264
892095,877333
892162,877399
892172,877409
89236,86125
8923751,13800216
892463,192946
892466,545142
892474,877707
892971,1178112
892972,878204
8932136,13808691
8934996,13811616
8936798,13813445
8936804,13813452
8937301,13813955
893753,1739570
89378,86259
893820,879044
893829,879053
893926,25169
894072,879277
894110,879315
894136,879341
89418,1288174
894604,879806
894662,879864
895373,880573
89543,86422
89544,2029641
89545,434595
89546,1843405
89548,7092474
89551,1968
89567,160962
89569,3144201
895886,1065795
896111,881304
896112,1075882
896113,1219196
89612,2083657
896455,742
8965608,13842558
897022,882212
897246,1768901
897259,556497
897296,1435303
89730,1137531
897471,882659
897521,882709
897566,25740977
897680,1029777
897683,895464
8981458,13858577
898214,883401
898398,133785
898542,1732549
898676,883863
8988888,13866081
898924,3111516
898925,1454181
898945,884131
898969,884155
898980,2534696
898981,884167
899244,884430
899245,884431
899246,884432
8993162,13870395
899395,1479819
899513,1540922
899587,884772
899588,884773
899589,2353192
899602,1837885
899608,728902
89963,86827
899962,885147
8999818,13877103
900065,1405163
900066,2813790
900067,3143550
900068,1445041
900069,885252
900070,2813766
900071,255538
900072,2813782
900087,885270
900088,282739
900089,255556
900096,885279
900097,354895
900098,885281
900135,885318
900230,2052449
900274,885457
900499,885681
90072,24501333
90073,86936
900735,885916
900846,790686
900894,886075
900930,886111
901310,662881
901311,3022627
901790,886967
902134,887311
902355,887531
902357,851769
902433,3183592
902434,17441265
902468,887644
9026498,13904140
902750,887923
903,1731888
903004,876413
903304,441051
9035189,13912903
9036147,13913870
9037412,13915141
903774,888927
904116,889273
904154,25265151
904372,1678510
9045944,13923819
9046828,13924716
904812,889963
904892,890040
904939,2436727
904940,890088
904942,890090
904946,890094
904947,2481472
904948,890096
904957,890105
904958,2436731
904959,2436730
904960,890108
904962,890110
904963,890111
904964,890112
904965,890113
904966,890114
9049769,13927677
9054348,13932285
905601,42599866
9057638,13935601
90607,2440287
906070,2136300
906072,2848957
90608,707557
90610,707573
906118,1598067
906209,891354
906541,2127174
906543,394118
906544,891689
9066002,13944091
906716,891861
906836,891981
90693,87531
907031,839241
907178,892324
907636,496226
9076707,13954877
907727,892866
907890,222372
907896,2379261
907959,1132329
907988,1096077
908041,190519
908042,1355685
908088,893227
908146,2638459
90840,2441508
908718,893856
908724,881115
908796,1429939
9089019,13967307
908912,894050
9089374,13967661
908940,3011279
908958,894096
9089876,13968164
909016,894153
909036,894173
90925,2555612
909257,478026
90926,87739
90932,87745
90934,2555616
90935,87748
90936,87749
909397,21390406
909534,894671
909573,2180439
910040,895153
910352,895464
910380,895491
910381,895492
910391,1061285
910399,895510
910470,895577
910548,1180686
911372,896475
911579,896682
911580,896683
911581,1505256
911859,896961
911904,897006
911913,897015
912131,897233
912165,3059018
912351,879886
912352,3268001
912416,1442720
91243,3014191
91244,933852
91245,2029654
91247,708860
91248,632895
91249,2494398
91253,3014191
91255,88048
9129589,14008273
913015,3123137
913207,2912504
91358,1021311
913768,36864
913769,402389
9138406,14017185
91394,1396530
914135,899230
91415,1718649
914169,899264
91418,246516
914291,151480
914508,899591
914510,899593
914519,490497
914564,899647
914608,19019217
914617,899700
914687,564298
9147658,14026547
9149,12027
914982,566055
9151230,13743040
9154030,14032980
91549,88329
915651,527941
915656,2435082
915840,3289939
9163,12040
916410,2084986
916413,2324213
9166,12043
916652,901727
916666,2353427
916684,901759
916713,901788
916764,1206800
9169331,14048513
916934,194636
917183,902258
917184,902259
917780,902854
9179,12056
917909,645676
917911,902985
917918,902992
917922,902996
917924,902998
917930,903004
9180869,14060183
918252,903326
918253,903327
91854,88619
9186877,14066253
918749,2056484
919301,3634418
919401,1178980
919492,904562
919621,904684
9199871,14079415
920143,596404
920520,429330
920527,905561
920560,50467978
920576,1021377
9206116,14085743
9206914,14086548
920780,905812
920781,905813
920782,367999
920783,997631
920784,905816
920785,3018613
920982,7092474
921000,906032
9211967,14091709
9211970,14091712
9211982,14091724
9211983,14091725
9211991,14091733
9212012,14091754
9212014,14091756
921533,906562
921537,1224028
921542,906571
921546,906575
921547,906576
921550,906579
921651,746296
9218950,14098880
9218951,14098881
9218956,14098886
921976,259698
922176,816775
922179,4042828
922395,2284863
92244,88968
922601,1759532
9226439,6619612
922733,1231594
922878,907904
923032,47688
923858,908875
9239133,14119443
9239173,14119486
923929,908946
923930,908947
9239452,14119770
924094,57776058
924104,3089696
924105,1937253
924198,909214
9242789,14123147
92442,89148
924563,2385756
925016,910025
92505,89211
925103,25740159
925166,910175
9252036,13647613
925216,1440635
925370,1984108
9254289,1475324
925490,910498
9255489,14136129
9255999,14136648
9256019,14136668
925723,910728
925734,910739
9257843,14138520
92579,1504602
926032,1104984
9260588,14141302
9261978,14142719
92637,2964446
9266149,14146956
926649,911652
9266975,14147842
9267240,14148121
926866,911868
9269329,14150969
9270048,14151711
9272227,14153962
9272718,14154462
92728,2007214
9273057,6532095
92746,89437
9276971,14158891
9277903,14159874
92815,89497
92830,23894048
928443,2441388
928503,913503
928920,913913
928921,913914
928923,913923
928967,1803117
9292855,14175380
9296389,13436522
9297525,14180125
929904,914897
9299777,14182438
93,1738595
930032,2410127
93008,199675
930241,2716847
93026,19429177
9303006,14185815
930326,915319
93038,89702
9303918,14358140
9305474,14188409
930612,3061490
930677,915669
931069,916060
9311930,14195003
9312016,14195089
9314560,14197669
93174,89830
93187,89843
931906,378964
932242,1741565
9322920,14206118
9322934,14206132
9323654,14206853
9324181,14207394
9324200,14207413
9324227,14207440
932445,917433
932450,43863404
9325571,14208796
9325719,14208944
9326273,14209504
9326398,14209630
9326402,14209634
9326584,14209818
9327053,14210299
9327082,14210328
9327107,14210353
9327497,14210749
9328083,14211336
9328231,14211485
9328233,14211487
9328234,14211488
9328240,7063665
9328243,14211497
9328244,14211498
9328245,14211499
93283,89935
932902,917890
932908,194958
932956,917944
932957,917945
9334703,2592424
933541,918531
93361,357177
93380,288397
933961,918949
934117,57852724
934140,919128
934157,919145
934679,10846
934684,519772
934685,2069970
934700,919688
9347871,14231242
93492,90134
9349995,14233374
935068,920052
935091,920075
935094,920078
9350973,14234356
935170,920154
935213,17676364
93531,90172
935448,920432
9359271,14242723
9360014,14243476
936128,921112
936156,921140
936240,921221
936485,921466
936500,921481
936503,921487
936521,2410127
9365632,14249135
936587,921568
936616,921597
936617,921598
9367477,14250999
936785,921766
936797,184740
9368354,14251880
9368355,14251881
9371003,14254552
937198,922177
937227,2317287
937318,1429939
937320,1429939
93734,2535303
937379,922357
93738,90370
937381,922359
937671,922649
9379297,14262930
93818,1908258
938625,924271
939277,924252
9397841,14281685
939840,924815
9400484,14284379
940055,925018
940056,925019
9406953,14290932
941012,925975
941141,926099
9412147,14296240
9416418,6157354
941670,926608
9418145,14302475
9419182,14303562
9421414,192231
9421495,14305887
942177,2180358
942240,927177
942321,54491359
942327,41800
942333,49996554
9431488,14315996
9434360,14318904
9436049,14320630
943655,928591
943979,3020535
9444481,14329189
9445792,14330504
944604,929540
944661,929596
944716,1877851
945116,930051
945210,62377
945276,930211
9453611,27039426
945573,930505
9460252,14345134
946086,931015
9460875,14345760
946194,1128491
946215,931144
9462512,14347430
9462672,14347592
9462868,14347790
9462971,14347893
9463903,14348844
946448,2279457
9464736,14349723
9465166,14350160
946542,2203366
9465685,14350707
9465686,14350708
9465829,14350855
9465920,14350948
9466024,14351052
9466219,14351257
946681,931609
946836,931764
9470915,14356010
947096,932024
947148,2985145
9472778,14357908
9473008,14358140
9473383,14358527
9474214,13609613
9475,361223
9476783,14362052
9479069,14364360
94803,1231891
948035,932960
94804,1231869
94805,91397
94807,91397
948090,933015
948275,206948
948297,933222
9483194,14368584
948526,72403
948527,17956386
948528,448536
948529,1961480
948533,933458
948562,933487
9485897,14371324
9486340,13225591
948638,933563
948640,933565
948652,933577
948662,933587
9486628,14372058
948696,12873604
9487727,14373167
948869,2341025
9489590,14375034
9492192,13490451
949252,1160761
949457,934381
949497,934421
949498,934422
949709,1224619
9498552,14384066
950069,578665
950096,935020
9502524,14388107
950257,2167378
9504209,13464170
950858,935782
9509716,14395436
951031,935954
9512504,14398278
951356,936275
95144,2223682
9514726,3215136
951777,2682071
951880,2227677
9523512,14409506
952471,937382
952562,937473
952565,937476
952654,937564
9527,2610414
9527938,14413992
9528729,14414802
9529502,14415584
953271,3084097
9533911,14420059
953411,938321
953412,938322
953413,938323
953449,370474
953584,2111143
953739,938649
9537703,14423917
9537743,14423957
9537749,14423963
9537774,14423989
9537807,14424022
954034,7323013
9545995,14432415
954697,3234387
9551205,1993810
9551384,14437871
9551386,14437874
9551387,14437875
955162,940072
955163,940073
955191,940101
955192,1522809
955198,940108
955199,2481693
955200,940110
9553474,14440015
9554947,14441497
9555473,14442028
955589,940499
955721,940631
955932,940842
955942,2277670
955945,940855
955950,2957874
9560457,14447102
9564639,14451346
9564947,13739350
9565349,16945566
956567,2998976
956571,2998976
95694,1223157
956986,941896
9571224,14458046
9571687,14458516
9572736,14459579
957552,2505256
957628,1167398
95792,92325
957923,942833
95793,2621717
957933,839504
957935,1133797
95794,92327
957945,1161931
95795,92328
95798,92331
9580032,14466933
958165,943075
958173,943083
95821,3234673
958211,1941049
958274,3009770
958275,490510
958276,2156103
958277,594845
958280,490522
958281,490500
958289,649854
9583157,14470099
958348,943258
9584099,14471046
95907,831581
95908,2593236
959218,944123
959277,944182
959278,944183
9594175,14481201
959433,944338
9598349,14485437
9601831,14488952
9602030,14489152
9603,1177733
960405,1955922
960437,945340
960668,945569
96097,2759794
961013,945914
961025,945926
961027,611120
961166,3264295
961183,946084
961186,946087
96125,807846
96128,2819058
961329,946230
961711,946612
9617764,14505010
961789,2485269
961949,3198978
962201,947102
962445,947346
962780,3217669
962781,3197160
9632,2765440
9633706,14521035
9635657,14523019
963651,1846111
963711,854161
963735,948636
963839,3093500
9642340,79745
9642627,13539123
9642660,14530106
9642662,14530108
9642670,14530116
9643837,14531297
9644001,14531461
964640,1347689
964667,949564
964685,949582
9647620,14535106
9648503,14536002
9650100,14537617
965107,950004
9653049,14540593
965564,1223817
965585,1739398
9657692,3186437
965915,1452507
9659284,14546896
9659554,14547168
96598,93106
9660013,14547631
9661136,14548764
966189,951086
966195,692270
966197,1165345
966199,1683206
96629,2317287
9663849,14551542
966476,596404
9666700,14554422
966716,1128467
966719,1326348
966757,2784815
96682,93184
966973,447027
9669824,14557634
967056,951953
967057,951954
967058,951955
967059,951956
9670633,14558448
967253,952150
9673436,527941
9673925,14523019
967454,2877788
9674809,14562659
967483,952380
967490,161904
967494,952391
967497,1761501
967502,2184582
967508,1368941
967511,952408
967662,602311
967667,952564
9676964,113008
9676975,14564854
9676980,14564859
9676990,14564869
9677020,14564899
9677045,14564924
9677870,14565750
9678009,14565895
967854,952751
9679182,14567091
9679271,14567180
9679435,14567344
9683863,14571861
968600,1919589
968606,261903
968659,2884161
969486,11045
969516,1366740
9697245,14585413
969958,954855
969969,954866
970061,2415351
970221,955118
9703112,14591326
9703979,14592198
970404,955301
970693,1012408
970694,3211938
970696,955593
97085,1546625
970862,955759
97087,170484
970875,572592
97089,93587
97090,1115313
970908,2705304
9709208,14597491
971212,956109
971239,2362701
9712969,14601490
97153,1772706
97157,93651
9719761,14608364
9721834,14610600
9721838,15603126
972391,957288
972504,2029611
972507,1229585
972527,957424
972528,1875788
972530,957427
9731300,14620265
973173,958070
973175,958072
9732272,14621253
9733316,14622334
9733414,14622434
973408,958305
973419,958316
9735478,1358908
9738286,14627359
97399,359486
974111,959008
9741281,8951441
9741527,1045645
974222,959119
974324,959221
97435,3289851
974563,1390007
974778,1760131
97488,1993972
97492,117908
97500,93988
9751060,14640289
97521,1321189
975289,1452705
975476,1505044
975478,960374
975534,116978
9756346,14253254
975694,960590
975823,960719
97598,3042555
976009,1451200
976012,1835748
976044,2895157
9762719,14652082
9762721,14652084
9762723,14652086
9762747,14652110
9762752,14652115
9762765,14652129
9762795,14652159
9762805,14652169
9762809,14652173
9762873,14652237
9762877,14652241
9762882,14652246
9762899,14652263
9762901,14652265
9762905,14652269
9762927,14652291
9762941,14652307
976328,961224
9764206,14653700
97643,3323991
97674,2592424
9768061,14657628
976952,961848
9769864,14659442
9771670,14661258
9771672,14661260
9771739,14661327
9771750,14661340
977183,962079
977527,1696878
977529,1182576
977597,1310851
977817,2412816
978049,632895
9783763,14673602
978393,1891890
97860,3036058
9787941,14677965
978795,963683
97892,3074
979053,963941
979395,964283
979470,964358
9796014,14686138
979659,964547
9796853,14686991
979765,1309797
979766,1080244
979767,1983338
979768,1309791
9799536,14689708
980151,866909
9803310,14693535
9804700,6157354
980482,339403
980501,2070224
980548,965437
98063,94521
9807272,14697592
9807747,14698077
980779,3186437
9808372,14698708
9808407,14698753
980900,1059917
981415,2237401
981463,1566522
981675,966564
981926,1602074
981940,966829
981947,966836
982156,2661856
982184,2174626
9822,839692
982220,1163040
982360,3244521
982432,2897680
9824697,14715247
9825,12597
9825884,14716442
982630,15777985
9827497,14718076
9827810,14718393
982862,2168812
982929,967818
983045,409514
9833236,14723897
983379,2801485
983399,968894
983866,1726352
9839695,14730435
98407,490598
9841524,14732320
984168,1327018
9844662,14735498
9847243,14738136
9847559,6892987
9848368,14739303
9851637,14742686
9852610,484402
985277,1264682
985452,970947
985463,970958
985485,970980
985490,970985
985491,970986
985545,971040
985550,6532411
985590,95518
985592,631825
985594,971089
985596,971091
985598,971093
985600,971095
98573,1285373
985734,971229
98577,95030
98578,1285371
98581,414773
9858261,14749460
9858870,14750081
9863544,14754972
9867518,14759071
9867519,14759072
98678,2492282
9869553,10281972
9869741,14761343
9872502,14764175
9873159,11546082
987587,740815
987763,2177654
987764,411702
987988,973482
987989,973483
988047,1994416
988103,3032067
988123,3211125
988170,1952538
988244,973738
9885866,14777809
988594,974087
988744,2258717
98917,2564786
989305,54360
989439,2795160
989812,2131250
98992,95432
9899422,14791645
990329,21919198
990418,1207111
99049,95489
990514,2065705
9905781,14798151
990747,976242
99076,95516
99077,190508
99080,95520
99082,95522
9910083,14802566
99107,1225592
99108,1225592
99110,17121965
99111,95547
991250,976751
9916047,14808681
991607,2876626
9917474,14810139
9918452,14811138
991851,977346
991878,2096149
991982,977477
9919963,14812677
9921637,14814397
9921815,14814576
9921816,14814577
9921817,14814578
9921819,14814580
9922765,14815545
9922969,14815759
9923756,2765786
992464,977959
992601,3013502
992606,2015284
992658,978153
99267,2705299
992853,978348
9928832,14821833
992893,506009
99296,301388
992960,31273
992962,978457
99313,95742
993176,338903
99363,95792
99367,1873463
993852,25169
994175,545521
994241,1599119
994261,979755
994532,980026
994547,980041
9946631,14840135
994675,2194469
994703,980195
99474,1249788
995067,2918854
9951114,14844725
9952451,14846110
9953257,18821517
99540,95965
99559,521198
9956705,14850490
995729,981223
995775,981269
995776,981270
995779,981273
995793,981287
9958,2801947
995907,981401
996193,981687
996278,1174332
996483,981976
996484,1908401
996485,981978
9969034,14668052
9969201,14615333
996925,982418
99716,1023758
997308,982801
99736,96154
99738,2247085
99744,838854
99751,2565792
9975306,14869670
9975313,14869677
997600,983093
9976435,14870848
9976438,14870851
9976923,14871338
9976981,14871396
99791,3028524
997932,983425
99819,96232
998226,983719
998256,983749
998258,2215874
998478,983971
998765,984257
999199,984690
9992486,14887282
9992508,14887304
999347,984838
999371,984862
999376,699904
999378,2337357
999379,984870
999480,984971
999681,194615
9997575,14892463
999985,985476
999987,985478
9999894,14894868
9999925,14894901
9999995,14894971
